3a97b38c-c5f3-4396-bb5f-3b7e5864d157,Uwe,Kekeritz,,79255.png,m,1953,,Volkswirt,,MdB,,79255,5
e737f8a6-8f80-44c2-b1f9-53ed66fe3461,Julian Simon,Grünke,,175752.png,m,1995,,Studium der Politikwissenschaft und Betriebswirtschaftslehre,Tübingen,,,175752,4
c632daec-028b-4965-9e49-001239f375eb,Manfred,Schiller,,175942.png,,1961,,Radio- und Fernsehtechniker,Weiden i.d. Obpf.,,,175942,9
18fa44b6-b039-4330-8661-c56b7ad24b10,Volker,Münz,,122121.png,m,1964,,Diplom-Ökonom,,MdB,,122121,9
281d803a-4712-411e-854a-c0be59bb2297,Fabian,Griewel,,147459.png,m,1997,,"Geograph, Historiker",Soest,Mitglied des Bundestages,,147459,4
687f131b-f36c-40ca-b641-052d576a8bb5,Ingo,Wellenreuther,,78922.png,m,1959,,Vorsitzender Richter am Landgericht a.D.,Karlsruhe,Mitglied des Deutschen Bundestages,,78922,2
d47765d9-a4a7-4df7-9bad-b778fb94e9a7,Heike,Heubach,,175432.png,f,1979,,Industriekauffrau,Stadtbergen,Mitglied des Deutschen Bundestages,,175432,1
a76dc336-d8f4-46e7-864c-95026524e385,Jörg,Cezanne,,146135.png,m,1958,,"Groß- und Außenhandelskaufmann, Betriebswirt (VWA), Soziologe",Mörfelden-Walldorf,Mitglied des Bundestages,,146135,8
db317bb0-ab1e-4f4f-b5c9-392815204a70,Angela,Hohmann,,180762.png,f,1963,,Sozialversicherungsfachangestellte,Celle,,,180762,1
dbb2e1e0-da91-478c-9e92-e25ada42ff53,Franziska,Krumwiede-Steiner,Krumwiede,145961.png,f,1985,,Dr. phil.,,Referendarin ,Dr.,145961,5
aa26ef12-4c69-4d58-93bc-6ceab9b3de55,Jürgen,Kretz,,175589.png,m,1982,,Politikwissenschaftler,Wiesloch,Referent im Bundesministerium für wirtschaftliche Zusammenarbeit und Entwicklung (BMZ),,175589,5
7f79cd4e-2fde-47c6-bab2-3f1eb4683667,Nadine,Ruf,,175477.png,f,1978,,Diplom-Betriebswirtin,Wiesbaden,Geschäftsführerin,,175477,1
ac7bc169-852a-4325-bee0-94ad4bcb04dd,Bettina,Wiesmann,,145886.png,f,1966,,,,MdB,,145886,2
590f2385-23af-4ee6-9b64-6cc0cf6b7cf2,Astrid,Mannes,,145889.png,f,1967,,"Magister in den Fächern Geschichte, Politikwissenschaft und Öffentliches Recht",Mühltal,Bundestagsabgeordnete,Dr.,145889,2
9d5bc8c7-da1e-44f5-ad62-2ccf082afef6,Martin,Rabanus,,79073.png,m,1971,,"Hochschulstudium Politikwissenschaften, Jura, Soziolgie, Geschichte",,MdB,,79073,1
6221a072-0b23-4236-a192-f31de80d224f,Ottmar,von Holtz,,136239.png,m,1961,,Diplom-Ökonom,Hildesheim,Mitglied des Deutschen Bundestages,,136239,5
c0cf8630-28d8-4965-b9d7-5f5f9a37bfd1,Stefan,Kaufmann,,79254.png,m,1969,,Rechtsanwalt,,MdB,,79254,2
74917963-29c6-4b56-9f05-ae6987d74365,Ingrid,Pahlmann,,79095.png,f,1957,,Staatlich geprüfte ländliche Hauswirtschaftsleiterin,Gifhorn,MdB,,79095,2
8cf05ed0-66ce-4238-890a-a15a94d0c836,Tim,Wagner,,170200.png,m,1981,,,,Vermögensberater,,170200,4
02661564-4e8e-4ce3-8e4d-4b5d4aa08f75,Christian,Bartelt,,118231.png,m,1976,,Studium der Zahnmedizin,Spantekow,Zahnarzt in eigener Niederlassung,,118231,4
d952edbe-04aa-4481-94c8-0fb1848e8d74,Katharina,Willkomm,,146323.png,f,1987,,Juristin,,MdB,,146323,4
a2a79059-6bb9-4c5a-ba85-bafe9b5e65c8,Alexander,Föhr,,175827.png,m,1980,,"Studium Politikwissenschaft, Öffentliches Recht und Geschichte",Heidelberg,"MdB, vorher leitender Angestellter, Stadtrat in Heidelberg",,175827,2
f240c2fb-b5f8-454a-94ef-a5a65da85915,Rainer,Rothfuß,,165158.png,m,1971,,Diplom-Geograph,Lindau (Bodensee),Geopolitik-Analyst und Berater,Dr.,165158,9
0686ba59-dd39-478f-b04c-2ea17defe855,Melanie,Bernstein,,145860.png,f,1976,,Kulturwissenschaftlerin,,MdB,,145860,2
445661b4-e6d6-43f7-8bcc-3db5ce82b1cf,Dirk-Ulrich,Mende,,175420.png,m,1957,,Volljurist (2. Staatsexamen) ,Celle,Geschäftsführer Niedersächsicher Städtetag,,175420,1
cb07d5f4-52b7-4701-abd2-b848adb0f867,Emily,Vontz,,179603.png,f,2000,,,Losheim / Berlin,Mitglied des Bundestages,,179603,1
b97f3b12-5875-4e2a-a537-75dbdcd51775,Alexander,Bartz,,175390.png,m,1984,,Betriebswirt,Vechta,MdB,,175390,1
f9b2a11f-234e-43b4-a8e8-44e77d56ec93,Daniel,Rinkert,,146806.png,m,1987,,Diplom Jurist,Grevenbroich ,Bundestagsabgeordneter,,146806,1
34562cf3-c68a-4c46-a942-20ebe43e89bb,Nils,Gründer,,158872.png,m,1997,,,,Account-Manager / Student ,,158872,4
f537ebc9-665d-4a62-ad6b-801c92c29edd,Michael,Sacher,Siehmann,147377.png,m,1964,,Buchhändler,Unna,Buchhändler,,147377,5
91a45fc8-a5cb-4a78-8e40-06b9d4265b63,Daniela,De Ridder,,79415.png,f,1962,,Unternehmensberaterin,,MdB,,79415,1
414a8429-bf92-4465-b7ef-7775be068ec2,Clara,Bünger,,175334.png,f,1986,,Volljuristin,,wissenschaftliche Mitarbeiterin Bundestag/juristische Beraterin,,175334,8
4c2b76ce-ee07-46f6-a689-feb711a6961a,Claudia,Raffelhüschen,,175709.png,f,1968,,Dipl.-Volkswirtin,,"MdB, Dozentin",,175709,4
410ff1e0-141b-4bb4-8095-5f0d8171f3d2,Jürgen,Hardt,Hardt,78863.png,m,1963,,Dipl. Volkswirt,Wuppertal,MdB,,78863,2
67c8517a-2f23-4a02-bf16-7c086e81c761,Beate,Walter-Rosenheimer,,78936.png,f,1964,,Diplom Psychologin,,MdB,,78936,5
e0c5d02d-a3fc-466d-bc74-8563bfe60d41,Markus,Uhl,,138540.png,m,1979,,Dipl.-Kaufmann,,MdB,,138540,2
a03cdf80-7167-4c34-a7f7-5e72631ed58c,Nadine,Schön,,79011.png,f,1983,,Diplom-Juristin,Tholey,MdB,,79011,2
6f2b34c5-b78d-4741-8e0e-5f46d72b6b84,Sascha,Müller,,146018.png,m,1970,,Politikwissenschaft,Nürnberg,"Sportjournalist, Landesschatzmeister",,146018,5
d5a25a9a-3ef7-4c7b-87ed-34831e59f9ce,Andreas,Schwarz,,79000.png,m,1965,,Dipl. Betriebswirt (FH),,MdB,,79000,1
bc73fd0d-8fe9-4ad0-a6c9-37c1134a60ff,Aydan,Özoğuz,,79097.png,f,1967,,Magister Anglistik,,Vizepräsidentin des Deutschen Bundestages,,79097,1
708f7756-e5e3-47a1-a5dd-93f81b35eb49,Kassem,Taher Saleh,,175594.png,m,1993,,Diplom Ingenieur,Dresden,Bauleiter,,175594,5
60d1c4d3-aa55-4eaf-bc8b-9f9a91c6241f,Lisa,Paus,,79090.png,f,1968,,Diplom Volkswirtin,,MdB,,79090,5
2d6a6e06-9b1e-475c-96c9-896996224881,Ottilie,Klein,,175877.png,f,1984,,,Berlin,Abteilungsdirektorin,Dr.,175877,2
6aaa2058-6d73-4e95-82fe-aae6162e01d5,Jonas,Geissler,,125186.png,m,1984,,"Politikwissenschaft, Geschichte und Internationale Beziehungen",,MdB,Dr.,125186,3
afd717fb-492b-4e43-96ac-4d1c86523fb0,Carsten,Linnemann,,79149.png,m,1977,,Diplom-Volkswirt,,MdB,,79149,2
d473bb3f-ff3f-401b-bc29-58f4e37ab218,Christian,Haase,,79332.png,m,1966,,Diplom-Verwaltungswirt (FH),,MdB,,79332,2
53b2f9a2-53ce-47f0-85a5-a231f250ec71,Nina,Scheer,,79023.png,f,1971,,"Musikstudium, Jurastudium, Politikwissenschaftliche Promotion",,MdB,Dr.,79023,1
a37c9d9c-efd4-4e96-b0bd-34210328b064,Bettina,Hagedorn,,79333.png,f,1955,,Goldschmiedin,,MdB,,79333,1
e8410895-7f82-4742-9815-979ca33ce6c7,Kristian,Klinck,,175458.png,m,1979,,"Studium der Politikwissenschaft, Dr. rer. pol., 2. Staatsexamen Lehramt an Gymnasien",Preetz,Studienrat,,175458,1
1a277f77-681a-4095-989b-694042fccbcb,Sönke,Rix,,79065.png,m,1975,,Erzieher,,Mitglied des Deutschen Bundestages,,79065,1
d0d5568a-6ab9-4844-8a41-02e61a7ecdab,Robert,Habeck,,139064.png,m,1969,,"Philosoph, Schriftsteller",Flensburg ,"Bundesminister für Wirtschaft und Klimaschutz, MdB",,139064,5
e536d4fe-4847-4994-a590-d9fdab05e328,Markus,Frohnmaier,,108761.png,m,1991,,Rechtswissenschaft,,MdB,,108761,9
feefd8f1-db1a-430c-9f90-e9258afccfc0,Martin,Gassner-Herz,Gassner,175774.png,m,1985,,MA Politikwissenschaft,Schutterwald,Verwaltungsangestellter,,175774,4
5e34a90d-7a26-4e1e-8502-2eca44c77200,Ann-Veruschka,Jurisch,,175696.png,f,1972,,Juristin (Dr. jur.),Konstanz,,Dr.,175696,4
afe751c2-eafc-40a6-a820-894ae6e18f6d,Tobias B.,Bacherle,,146028.png,m,1994,,Politik- und Medienwissenschaft,Sindelfingen,Student,,146028,5
2205c434-89bc-4caa-9931-dbe81ddd71f8,Christian,Wirth,,150296.png,m,1963,,Rechtsanwalt,,MdB,Dr.,150296,9
25fcfb93-3077-4f47-a34e-2e89ce6bec59,Dieter,Janecek,,79275.png,m,1976,,Politikwissenschaftler,,MdB,,79275,5
faeb92a5-9e43-4d79-aaf3-5c3ac6e412df,Tobias Matthias,Peterka,,122063.png,m,1982,,,,MdB,,122063,9
e1d6e273-2323-4931-82d0-a6ef990d9494,Katrin,Göring-Eckardt,,78886.png,f,1966,,,,"MdB, Vizepräsidentin des Deutschen Bundestages",,78886,5
c14e07c1-20d2-406f-b577-0f75f5fac669,Jürgen,Pohl,,145783.png,m,1964,,Jurist,,"MdB, Rechtsanwalt",,145783,9
b461776d-6043-487c-b64d-3c3c79df2f42,Ali,Al-Dailami,,120819.png,m,1981,"Ist am 23.10.2023 aus der Partei DIE LINKE ausgetreten. Seit dem 08.01.2024, dem Gründungsdatum, Mitglied der Partei Bündnis Sahra Wagenknecht – Vernunft und Gerechtigkeit (BSW).",Restaurantfachmann,,Angestellter,,120819,229
8b77cc89-710a-4c3f-9826-c399c3e1dd7b,Janine,Wissler,,135302.png,f,1981,,Dipl. Politologin,,"MdB im Finanzausschuss, Parteivorsitzende DIE LINKE",,135302,8
6da1f74d-e5a3-4f88-a2a9-d33b10d797e4,Boris,Mijatović,,145984.png,m,1974,,Politikwissenschaftler,Kassel,Mitglied des deutschen Bundestages,,145984,5
eaa22800-7a6b-4eed-95ba-bda6ba248194,Franziska,Mascheck,,175428.png,f,1979,,Sozialarbeiterin,Linda,"Bundestagsabgeordnete, Stadträtin Frohburg, Kulturschaffende",,175428,1
e6639afe-f646-418e-8911-4629993dd0a4,Daniela,Kluckert,,122880.png,f,1980,,Diplom Volkswirtin,Berlin-Tempelhof,MdB,,122880,4
ad34ab74-54e3-40cd-b74a-91a87526f716,Christoph,Meyer,,134400.png,m,1975,,Bankkaufmann,Berlin,"MdB, Rechtsanwalt",,134400,4
95c52a31-ba26-4128-a87f-34e19e5839bd,Renate,Künast,,79217.png,f,1955,,Juristin und Sozialarbeiterin,,MdB,,79217,5
c064ee8e-fc86-42b1-8b8c-84098c42281b,Ruppert,Stüwe,,175488.png,m,1978,,Dipl. Volkswirt,Berlin,Angestellter Berliner Verkehrsbetriebe (BVG) AöR,,175488,1
341e30ed-ba85-4d34-9583-bc4c6944473b,Annika,Klose,,175401.png,f,1992,,Sozialwissenschaftlerin,Berlin,,,175401,1
6e5740b9-d208-4acc-9bb4-4fe2df84dd0d,Petra,Pau,,79091.png,f,1963,,"Lehrerin, Gesellschaftswissenschaftlerin",,MdB,,79091,8
2797499b-bed2-48b4-a1a3-804e9bfe8812,Anke,Domscheit-Berg,,29199.png,f,1968,,M.A. European Business Administration,Fürstenberg/Havel,"MdB, Publizistin",,29199,8
4d7049d3-f18a-4b63-b6e0-0161e0b0705c,Hannes,Gnauck,,175923.png,m,1991,,Soldat auf Zeit,,Personalfeldwebel,,175923,9
bbb09017-4e58-4191-8e0d-a2d9272efb2b,Matthias W.,Birkwald,,78882.png,m,1961,,Diplom-Sozialwissenschaftler,,MdB,,78882,8
82b8178f-efa6-45fa-8c65-bdb609f42603,Emilia,Fester,,173148.png,f,1998,,,,Regieassistentin für Kindertheater,,173148,5
bbfe699b-8400-45cf-8fd0-a186aa96bae7,Katharina,Beck,,175596.png,f,1982,,"Diplom Regionalwissenschaftlerin, Finanzbetriebswirtin (IWW)",Hamburg,Unternehmensberaterin für Nachhaltigkeit,,175596,5
7a4df0e3-2fb3-450a-8638-c043bba6d056,Franziska,Hoppermann,,175851.png,f,1982,,Dipl. Kauffrau,Hamburg,Leitende Regierungsbeamtin,,175851,2
331d7c41-25fb-419c-aae4-c7be27c7163f,Stefan,Seidler,,176316.png,m,1979,,Master of Science,Flensburg,Politischer Berater,,176316,145
fe07b552-777d-4161-9a74-6a5e882e097b,Cornelia,Möhring,,79125.png,f,1960,,Dipl. Sozialökonomin,,MdB,,79125,8
4b104386-dc77-46a0-a233-d56ffca756ca,Gereon,Bollmann,,147321.png,m,1953,,Jurist,,Richter am Oberlandesgericht (a.D.),,147321,9
eaafe70b-46dc-46d1-b42c-4622a4e027e6,Uwe,Witt,,150295.png,m,1959,,"Staatl. gepr. Techniker, Dipl.-Personalbetriebswirt (IDB)",,MdB,,150295,185
f9d8f7c0-ec42-4e0a-9238-2c95690696d3,Bruno,Hönel,Bruno Hönel,175542.png,m,1996,,Psychologe (M.Sc.),Lübeck,,,175542,5
fc8a6da2-d064-4615-9c18-746fec1148aa,Denise,Loop,Loop,175557.png,f,1994,,Sozialarbeiterin,,Angestellte im öffentlichen Dienst,,175557,5
69c44cd7-f3c1-43b6-9009-50073acffc0e,Konstantin,von Notz,,78819.png,m,1971,,Jurist,Mölln,MdB,Dr.,78819,5
ac70cbe5-e3c0-487b-9996-4f9f43e5955b,Ingrid,Nestle,,120104.png,f,1977,,Diplom-Wirtschaftsingenieurin,,MdB,,120104,5
bcc81a1a-b01e-4a99-928c-c028a101e49c,Luise,Amtsberg,,139271.png,f,1984,,Islamwissenschaftlerin,,MdB & Beauftragte der Bundesregierung für Menschenrechtspolitik und humanitäre Hilfe,,139271,5
a4535263-e324-48dd-9f46-93ed0979781f,Max,Mordhorst,,175778.png,m,1996,,,Kiel,,,175778,4
3b721c95-acf9-48ad-b7c5-263bf2fbc024,Christine,Aschenberg-Dugnus,,118250.png,f,1959,,,,"MdB, Rechtsanwältin",,118250,4
d18c152a-617e-4cc4-8bb4-078a1a3307ac,Gyde,Jensen,,151468.png,f,1989,,"Studium Anglistik, Politikwissenschaft und Internationale Politik",,Mitglied des Bundestages,,151468,4
caab1b3f-ca74-487a-bfd7-17707816d265,Wolfgang,Kubicki,,122157.png,m,1952,,Rechtsanwalt,Strande bei Kiel,"MdB, Bundestagsvizepräsident",,122157,4
30664753-9f03-4e63-ada2-757215dc304a,Petra,Nicolaisen,,130900.png,f,1965,,Industriekauffrau,,MdB,,130900,2
b1046433-5510-4032-b8af-0c3d43af1464,Ingo,Gädechens,,79362.png,m,1960,,,,MdB,,79362,2
ede220df-fb54-4496-a577-ed479570f83a,Johann,Wadephul,,78818.png,m,1963,,Jurist,,Rechtsanwalt/ MdB,Dr.,78818,2
108550d2-64c5-4ae0-b270-1267d587416e,Alexander,Throm,,108605.png,m,1968,,Volljurist,,"MdB, Rechtsanwalt",,108605,2
60685741-d4cf-435c-8835-8b9d7dd1886f,Fabian,Gramling,,108738.png,m,1987,,Betriebswirt,,MdB,,108738,2
c7021459-7fdb-45e8-8459-155bd09923aa,Steffen,Bilger,,79444.png,m,1979,,Rechtsanwalt,,MdB für den Wahlkreis Ludwigsburg | stellvertretender Vorsitzender der CDU/CSU-Bundestagsfraktion,,79444,2
077a68b3-b8b4-431f-99d1-4b241bb45125,Christina,Stumpp,,177578.png,f,1987,,"Steuerrechtlerin LL.B., Verwaltungswirtin",Waiblingen,"Persönliche Referentin des Ministers für Ernährung, Ländlichen Raum und Verbraucherschutz in Baden-Württemberg",,177578,2
d020a293-a060-4435-8330-884bf9c69d4d,Marc,Biadacz,,145893.png,m,1979,,Sozialwissenschaftler (M.A.),,MdB,,145893,2
a90ff514-3503-40f4-a037-bc67f975ef27,Maximilian,Mörseburg,,175873.png,m,1992,,Volljurist,Stuttgart,MdB,,175873,2
29b8a32f-a6b5-482d-8bc7-be2f0cf36a85,Volker,Ullrich,,78953.png,m,1975,,"Jurist, Dipl. Kaufmann",,MdB,,78953,3
e9472f58-1e0c-4f3a-93c0-1e62fb9dadd6,Paul,Lehrieder,,79203.png,m,1959,,Rechtsanwalt,,MdB,,79203,3
1b5e2337-0905-4a18-a8e5-2e9d9f3ac73a,Anja,Weisgerber,,78919.png,f,1976,,Rechtsanwältin,,MdB,,78919,3
28440c57-b3e5-4c02-860e-ed000afac6de,Dorothee,Bär,,79468.png,f,1978,,Diplom-Politologin,,MdB,,79468,3
ec4d33e1-6a33-4999-b1a7-f497b5ba2496,Albert,Rupprecht,,79047.png,m,1968,,Dipl. Volkswirt,,MdB,,79047,3
ee7b88a5-0776-4ec3-843d-8f3eab69347c,Alois,Rainer,,79067.png,m,1965,,Metzgermeister,,MdB,,79067,3
516333f7-c946-48b8-8a62-320aa3aa4850,Thomas,Erndl,,145903.png,m,1974,,Diplom Ingenieur (FH) Mikroelektronik,,MdB,,145903,3
8320d935-7724-48c0-ad0f-cef1283bee8a,Alexander,Radwan,,79069.png,m,1964,,Rechtsanwalt und Diplom-Ingenieur,,MdB,,79069,3
070b0226-23c7-4e3e-90b6-bcd99645f3c6,Florian,Hahn,,79329.png,m,1974,,Electronic Marketing Fachwirt,,MdB,,79329,3
32e2b086-0bb8-46df-870d-15f5b0e4d563,Stephan,Pilsinger,,145901.png,m,1987,,Arzt,,MdB,,145901,3
09c6f11c-4e0d-401b-a63c-043e0b52dbbe,Jamila Anna,Schäfer,,175580.png,f,1993,,Studium der Soziologie und Philosophie,Berlin & München ,Direkt gewählte Bundestagsabgeordnete für München-Süd,,175580,5
e6a84204-7d49-4283-a617-f2e7fc219a2a,Wolfgang,Stefinger,,78988.png,m,1985,,,,MdB,,78988,3
65a43dcd-7125-48fe-83db-5245f9e220e0,Bernhard,Loos,,145899.png,m,1955,,Wirtschaftswissenschaftler,,MdB,,145899,3
977e7330-7fa5-49c3-854e-d1eb90ef84e7,Stephan,Brandner,,32337.png,m,1966,,Rechtsanwalt und Industriekaufmann,,MdB,,32337,9
e1855899-d0ec-438c-9065-a9e4bfc2a347,Omid,Nouripour,,79103.png,m,1975,,,,MdB,,79103,5
6a008bac-332b-416a-a4ed-77fc88703374,Metin,Hakverdi,,79327.png,m,1969,,Jurist,,MdB,,79327,1
e560f226-6e15-47e8-9b90-90f29c1d3ec5,Dorothee,Martin,,67018.png,f,1978,,Dipl. Politologin,,MdHB,,67018,1
3a7038fc-047d-4113-97e7-6ac2fab27db3,Till,Steffen,,66475.png,m,1973,,Rechtsanwalt und Fachanwalt für Verwaltungsrecht,,MdB,Dr.,66475,5
14baa7af-e39f-4a5b-808e-ccfa44bb77ec,Erik,von Malottki,,175423.png,m,1986,,Studium der Geschichte und der Politikwissenschaft (Master of Arts),Greifswald,Gewerkschaft Erziehung und Wissenschaft,,175423,1
3c850f23-0ea2-49b3-9dd7-80cf732e8b8c,Anna,Kassautzki,,175398.png,f,1993,,Studium der Staatswissenschaften,Greifswald,Leiterin des Familienservice der Universität Greifswald,,175398,1
588096ef-3fb8-49e5-ad56-2073fcc8e0fa,Frank,Junge,,79268.png,m,1967,,Diplomsportlehrer,,MdB,,79268,1
2f41055b-898f-4cf5-832d-a73613ee4175,Tim,Klüssendorf,,175503.png,m,1991,,Volks- und Betriebswirt (M. Sc.),Lübeck,Persönlicher Referent des Bürgermeisters der Hansestadt Lübeck,,175503,1
869d6edb-bb32-4465-bda0-9bc466360bc9,Bengt,Bergt,,175405.png,m,1982,,Technischer Übersetzer,Norderstedt-Glashütte,Betriebsratsvorsitzender,,175405,1
92d98ea0-804c-46d1-b7a9-0e0f9759f958,Ralf,Stegner,,139062.png,m,1959,,"Studium der Politikwissenschaft, Geschichte und Germanistik",,"MdL, Fraktionsvorsitzender SPD im Landtag von Schleswig-Holstein",,139062,1
1d9fa171-49e7-4362-b8a8-31c28cb28c20,Mathias,Stein,,146775.png,m,1970,,"Wasserbauer , Bautechniker ",Kiel,MdB,,146775,1
39b94482-f42d-450a-ae7c-22d79b3ce129,Mark,Helfrich,,79299.png,m,1978,,Diplom Kaufmann (FH),,MdB,,79299,2
ddb20acb-c142-44f3-94e1-4e07572a67fa,Astrid,Damerow,,139019.png,f,1958,,"Bankkauffrau, Business-Coach und -Trainerin",,MdB,,139019,2
4a80cf8b-047d-45c6-89e0-c149d5933209,Michael,Espendiller,,147569.png,m,1989,,Promovierter Mathematiker,,MdB,Dr.,147569,9
fc1ee519-8115-4031-ab36-a0d892cb2456,Jörg,Schneider,,145747.png,m,1964,,Dipl.-Wirtschaftsing.,,MdB,,145747,9
67192845-c249-46b4-a2dc-97d6d18debeb,Martin Erwin,Renner,,121673.png,m,1954,,Diplom-Betriebswirt,,MdB,,121673,9
247c931a-5b5e-41aa-b93c-a604e8f80d80,Fabian,Jacobi,,147218.png,m,-1,,,,MdB,,147218,9
6fa2e441-bce3-4f18-b8a4-72049b5f7ea1,Kay,Gottschalk,,66285.png,m,1965,,Diplom Kaufmann,,MdB,,66285,9
67999b29-843f-4316-a1bf-950b0a14d94f,Rüdiger,Lucassen,,145742.png,m,1951,,Wirschafts- und Organisationswissenschaften (Dipl.-Kfm.),,"MdB, Obmann im Verteidigungsausschuss ",,145742,9
fd7fffe2-416a-4459-a5ed-3e44c10f6855,Manfred,Todtenhausen,,30002.png,m,1950,,Elektromeister ,,MdB,,30002,4
60ad28e1-4fe5-4ac2-ab1e-ae242a6426f7,Jens,Teutrine,,175745.png,m,1993,,,,,,175745,4
a16b661f-7b38-4698-a7a5-faacd3f10545,Olaf,in der Beek,,146348.png,m,1967,,Unternehmer; Studium BWL (ohne Abschluss),Bochum,MdB,,146348,4
e135f26a-d1a8-4be7-a3d2-2b5866cd8283,Christian,Sauter,,130489.png,m,1980,,,,MdB,,130489,4
28d8dff7-7683-456f-9ae1-a18d59dd602a,Katrin,Helling-Plahr,,121536.png,f,1986,,Fachanwältin für Medizinrecht,,"MdB, Rechtsanwältin",,121536,4
1f6aeb1d-3d66-41f8-ba3c-50d07ff2581e,Carl-Julius,Cronenberg,,146352.png,m,1962,,Betriebswirt,,"MdB, Unternehmer",,146352,4
1e549e9e-5002-41f1-a503-4f1101ba0513,Bernd,Reuther,,137432.png,m,1971,,,,MdB,,137432,4
ccfe1ec8-9194-4c62-b095-92ee7b65f990,Markus,Herbrand,,146325.png,m,1971,,Steuerberater/Diplom-Finanzwirt ,,MdB,,146325,4
84a4c819-002c-4f5f-a405-a36cd925c659,Karlheinz,Busen,,137163.png,m,1951,,Diplom-Ingenieur,Gronau,MdB,,137163,4
f40e3b66-f338-4149-bde3-f4ee2726e2a4,Nicole,Westig,,146329.png,f,1967,,Studium Romanistik und öffentliches Recht,,MdB,,146329,4
17992e76-e551-4e88-ba19-62dffb4692db,Frank,Schäffler,,118538.png,m,1968,,Industriekaufmann,,MdB,,118538,4
fd5cda6a-bea3-4548-ab06-bd4024604f2b,Reinhard,Houben,,146326.png,m,1960,,Diplom Kaufmann,,MdB,,146326,4
4efd3f50-b2ca-4d39-aeb9-e66531b42565,Otto,Fricke,,119145.png,m,1965,,Jurist,,"Rechtsanwalt, MdB",,119145,4
e094acf9-545d-48dd-a277-002b57aae9b2,Bijan,Djir-Sarai,,118195.png,m,1976,,Diplom-Kaufmann,,MdB,,118195,4
b64de3bc-a57b-4c68-b84b-e44bff8636bc,Johannes,Vogel,,120155.png,m,1982,,Politikwissenschaftler,,MdB,,120155,4
fcf94d5f-84fd-48cf-ae0f-590f51d1d237,Marco,Buschmann,,118987.png,m,1977,,Rechtsanwalt,,MdB,,118987,4
07e2d9ed-5e6e-4143-aecb-d748d28f0d6a,Christian,Lindner,,119742.png,m,1979,,"Politikwissenschaften, Staatsrecht und Philosophie",,"MdB, FDP-Parteivorsitzender",,119742,4
d79ebde6-d0fe-4e87-93d6-778dfd2f5cd1,Luiza,Licina-Bode,Luiza Licina,175461.png,f,1972,,Volljuristin,Bad Laasphe,Bundestagsabgeordnete,,175461,1
78e27857-0302-4b11-a7b2-66d5f045a614,Ye-One,Rhie,,175515.png,f,1987,,"Kommunikationswissenschaftlerin, M.A.",Aachen,Referentin für Wissenschaftskommunikation,,175515,1
a257614b-b9d2-4aff-90ae-d459f7c30d1f,Jürgen,Coße,,121492.png,m,1969,,Bürokaufmann,,MdB,,121492,1
80993c40-9431-434a-95b7-e550a028ad48,Zanda,Martens,,175516.png,f,1984,,Juristin,Düsseldorf,Gewerkschaftssekretärin,,175516,1
d0d4de71-a2c5-411a-9681-c5e73165e852,Nezahat,Baradari,,146817.png,f,1965,,"Fachärztin für Kinder- und Jugendmedizin, Ernährungsmedizin",,Mitglied des Deutschen Bundestages,,146817,1
9baab2e9-9068-4f4e-a936-1d0069e58955,Sarah,Lahrkamp,Withut,175490.png,f,1981,,Politikwissenschaftlerin,Ochtrup,,,175490,1
80c67e04-6bb0-40a1-8862-fad9dedc68e6,Gülistan,Yüksel,,78910.png,f,1962,,pharmazeutisch-kaufmännische Assistentin,,MdB,,78910,1
a55c16c4-11be-4a8c-afa9-c693d10a9cf4,Wolfgang,Hellmich,,79301.png,m,1958,,Lehramtsstudium,,MdB,,79301,1
5c039be1-ceda-480a-89aa-38041842a820,Jessica,Rosenthal,,175445.png,f,1992,,2. Staatsexamen Lehramt Gymnasium/Gesamtschule in den Fächern Deutsch und Geschichte,Bonn,Lehrerin,,175445,1
bc553a20-f4df-4c70-b892-38e0f293ab2f,Dagmar,Andres,,130158.png,f,1969,,"Steuerfachangestellte, Bilanzbuchhalterin, Betriebswirtin Fachrichtung Steuerwesen",,MdB ,,130158,1
9b61e2d1-7486-4215-9c22-50b9dd6377ad,Dietmar,Nietan,,79111.png,m,1964,,,Dürem,Bundestagsabgeordneter,,79111,1
4bce25fe-0235-452c-96ef-07e5eb92b011,Bettina,Lugk,Lugk,175406.png,f,1982,,Geowissenschaftlerin / Verwaltungsfachwirtin,Iserlohn ,Angestellte in der Verwaltung,,175406,1
9608ce4f-d21d-4392-9d85-00cd4e6f32fe,Nadine,Heselhaus,,175476.png,f,1978,,Diplom-Verwaltungswirtin (FH),,Gemeindeprüferin,,175476,1
07851e7b-4ba3-4050-96a0-877e2e1acaa0,Bernhard,Daldrup,,79421.png,m,1956,,Politikwissenschaftler (M.A.),,"MdB, Obmann des Ausschusses für Bau, Wohnen, Stadtentwicklung und Kommunen Landesgeschäftsführer der Sozialdemokratischen Gemeinschaft für Kommunalpolitik Nordrhein- Westfalen",,79421,1
5ce41f59-bb4a-4f6d-a921-bf2e597ec3ed,Udo,Schiefner,,79027.png,m,1959,,Technischer Angestellter Qualitätssicherung,Kempen,Mitglied des Deutschen Bundestages,,79027,1
441ed5a8-473b-45c8-99cf-c4007a3ac760,Dirk,Wiese,,78913.png,m,1983,,Jurist,,MdB,,78913,1
c045b6e5-dcc2-43d0-9459-9b4ccf8e0ddf,Kerstin,Griese,,79349.png,f,1966,,Historikerin,,"MdB, Parlamentarische Staatssekretärin im Bundesministerium für Arbeit und Soziales",,79349,1
2d29d276-2055-4cca-8605-263d77b90ff1,Sebastian,Hartmann,,79326.png,m,1977,,Organisationsberater,,MdB,,79326,1
b571f319-c939-456e-b3d5-d3a48777e946,Svenja,Schulze,,131019.png,f,1968,,"Germanistin und Politikwissenschaftlerin (Magister), Unternehmensberaterin",,"Bundesministerin für Wirtschaftliche Zusammenarbeit und Entwicklung, MdB",,131019,1
eb0d6c3b-4563-457c-aa8d-63ae4ffe1a07,Hubert,Hüppe,,79272.png,m,1956,,Diplom-Verwaltungswirt (FH),,Rz,,79272,2
c1c9a690-2492-4321-9682-d35b7ca008a6,Kerstin,Radomski,,79070.png,f,1974,,Lehrerin für Biologie und Erdkunde,,MdB,,79070,2
4b2c7ff7-ab1a-4ceb-821f-f15144eab0fa,Oliver,Vogt,,145876.png,m,1977,,Diplom-Physiker / Gymnasiallehrer,Espelkamp,Gymnasiallehrer,,145876,2
49f76222-a666-40fa-9079-7c9d6045c593,Stefan,Nacke,,130574.png,m,-1,,,Münster,MdB,Dr.,130574,2
ed041dd6-a5cc-44ea-b2f4-8804dbfde5a6,Kerstin,Vieregge,,145877.png,f,1976,,Betriebswirtin,,MdB,,145877,2
f7e997af-efa7-446d-8584-02ef6917f331,Michael,Breilmann,,145873.png,m,1983,,Jurastudium,Castrop-Rauxel,Rechtsanwalt,,145873,2
319f94a3-025f-4402-a3b1-258b0bf7e63c,Catarina,dos Santos-Wintz,,175836.png,f,1994,,Rechtsanwältin,Eschweiler,Rechtsanwältin,,175836,2
4b7d88a4-0555-4efd-b5a7-2f579d18c72e,Astrid,Timmermann-Fechter,,78958.png,f,1963,,Geschäftsführerin,Mülheim an der Ruhr,Referentin,,78958,2
b8a74101-eae9-4a3f-a41f-98ef49035a68,Serap,Güler,,130691.png,f,1980,,Studium Germanistik und Kommunikation,,MdL,,130691,2
5f5ea2c5-686f-4e33-82ad-292ac6751dd9,Bernd,Baumann,,66273.png,m,1958,,Promotion Wirtschaftswissenschaften,,MdB,,66273,9
1dc66a17-c6ee-403f-8cd0-c0162fea1d66,Zaklin,Nastić,,66565.png,f,1980,Ist am 23.10.2023 aus der Partei DIE LINKE ausgetreten. Seit dem 08.01.2024 Mitglied der Partei Bündnis Sahra Wagenknecht – Vernunft und Gerechtigkeit (BSW).,Studium in Slawistik,,MdB,,66565,229
7efa91bd-7178-469f-9669-3550f4bc5f44,Niels,Annen,,79471.png,m,1973,,"BA Geschichte und Spanisch, M.A. International Public Policy",,MdB,,79471,1
6819a723-b784-4d42-a937-7e94ce13040c,Christoph,de Vries,,66002.png,m,1974,,Diplom-Soziologe,,MdB,,66002,2
ea03c65a-5083-486b-8331-5a9a3a43aaf5,Christoph,Ploß,,66005.png,m,1985,,,,MdB,,66005,2
2d31cbcc-7e7d-4738-90bb-31f5a1ad27f0,Claudia,Müller,,121017.png,f,1981,,Betriebswirtschaft,,MdB,,121017,5
d00c2fe6-f715-43d0-b3db-d1f9daeac60b,Ina,Latendorf,,122336.png,f,1971,,Volljuristin,,Referentin des Bürgerbeauftragten des Landes Mecklenburg-Vorpommern,,122336,8
9465ca91-89f6-4499-ad75-b989ae4d5b7d,Dietmar,Bartsch,,79454.png,m,1958,,Wirtschaftswissenschaftler,,"MdB, Fraktionsvorsitzender DIE LINKE im Bundestag",,79454,8
1a84c61d-2760-44f0-9b72-6a9de79868d1,Ulrike,Schielke-Ziesing,,123546.png,f,1969,,"Facharbeiter für Datenverarbeitung, Verwaltungswirt",,MdB,,123546,9
3466f222-70c1-4578-ab75-11721ffe315c,Enrico,Komning,,123532.png,m,1968,,Fachanwalt,,"MdB, MdL, Rechtsanwalt",,123532,9
b9878823-1375-4684-af79-590cd51e3f40,Leif-Erik,Holm,,123559.png,m,1970,,Ökonom M. Sc.,,"MdB, MdL",,123559,9
f4912243-1b1f-4325-b428-40b971ecc7bc,Simone,Borchardt,,165049.png,f,1967,,Master of Health Business  Administration,Warnow,Geschäftsbereichsleiterin  Pflege beim IB Nord e. V. / Beauftragte der Geschäftsführung für die Pflege- und Wiedereingliederung gGmbH,,165049,2
8727abd8-7026-423d-bdbe-5a7eda06352b,Dietrich,Monstadt,,79123.png,m,1957,,Jurist,,MdB,,79123,2
f4424481-d757-479a-a329-b7fc6bb95de2,Philipp,Amthor,,145862.png,m,1992,,Jurist,,MdB,,145862,2
be99403c-fe91-4bd4-ab55-22dcde44b981,Esra,Limbacher,,138463.png,m,1989,,Jurist,,MdB,,138463,1
3a080388-477a-4f8f-9338-1a26d3bcb7f2,Christian,Petry,,79477.png,m,1965,,Dipl. Verwaltungswirt,,MdB,,79477,1
92a9ac1b-54fb-450a-a4b0-528a62f4243e,Josephine,Ortleb,,146867.png,f,1986,,Fachwirtin im Gastgewerbe,,MdB,,146867,1
7a08b48a-e3d2-456b-80d9-25740f3ae9c1,Thomas,Bareiß,,79465.png,m,1975,,Dipl. Betriebswirt (BA),,MdB,,79465,2
928072d1-53dd-4b9a-b21d-63a2db083f80,Axel,Müller,,145896.png,m,1963,,,,MdB,,145896,2
e08c9946-7769-4f97-a8db-30419671d4fb,Volker,Mayer-Lay,,175888.png,m,1981,,Jurist,Überlingen,Rechtsanwalt & Mediator,,175888,2
198d1206-4f2f-491d-a5c7-314bf8c55490,Josef,Rief,,79062.png,m,1960,,Landwirtschaftsmeister,,MdB,,79062,2
896a962a-79a9-4540-b695-33614b6181a9,Ronja,Kemmer,Schmitt,79480.png,f,1989,,Volkswirtin,Erbach,MdB,,79480,2
aaad310a-7cb6-47b5-8290-43e26b91440b,Annette,Widmann-Mauz,,118138.png,f,1966,,,,"MdB, Staatsministerin a.D.",,118138,2
930f4f26-4094-4f84-9a33-04792d87339c,Michael,Donth,,79397.png,m,1967,,Dipl.-Verwaltungswirt (FH),,MdB,,79397,2
a996eba0-762b-4fbc-ba6f-a5e81f16a80e,Felix,Schreiner,,108783.png,m,1986,,,,Bundestagsabgeordneter,,108783,2
6dc89af8-e600-4b96-abad-5b959ea5c418,Andreas,Jung,,78867.png,m,1975,,Rechtsanwalt,,MdB,,78867,2
51320940-cdd5-41d1-9f41-619fd14b0cb0,Thorsten,Frei,,79378.png,m,1973,,Jurist,Donaueschingen,MdB,,79378,2
61a78226-2175-458f-886b-7ff05af45e58,Maria-Lena,Weiss,,175867.png,f,1981,,Juristin,Mühlheim an der Donau,Mitglied des Deutschen Bundestags,Dr.,175867,2
30947ed8-9144-4108-af90-0d04193e3531,Yannick,Bury,,175892.png,m,1990,,Master of Science VWL,Malterdingen,Volkswirt,,175892,2
6443535d-15ed-4472-9dc1-0b4c17369921,Chantal,Kopf,,175543.png,f,1995,,M.A. in Politikwissenschaft,Freiburg,Mitglied des Deutschen Bundestages,,175543,5
76d4628d-3917-477a-9ef8-5050dc2a4cca,Klaus,Mack,,175863.png,m,1973,,Diplom Verwaltungswirt (FH),,Mitglied des Deutschen Bundestags,,175863,2
d1087555-8f58-4661-a179-ec8af81ef78c,Gunther,Krichbaum,,79226.png,m,1964,,Jurist,,Bundestagsabgeordneter,,79226,2
4cc488c8-5138-4069-861f-742a89762e2f,Olav,Gutting,,79336.png,m,1970,,Rechtsanwalt,,MdB,,79336,2
ce4374db-9d94-44ca-8dda-56b64b960426,Moritz,Oppelt,,165004.png,m,1989,,Volljurist,Neckargemünd,Oberregierungsrat in der Finanzverwaltung Baden-Württemberg,,165004,2
86cae44f-a4e3-4220-94e6-c71e55015e8e,Nina,Warken,,78805.png,f,1979,,Rechtsanwältin,,MdB,,78805,2
978cf46a-26eb-435f-a680-fa64393c2771,Isabel,Cademartori,,175436.png,f,1988,,B.Sc. Betriebswirtschaftslehre & M.Sc. Wirtschaftspädagogik,Mannheim,Wissenschaftliche Mitarbeiterin,,175436,1
5ee5aa8c-faef-41bf-bc67-5e44c59305b4,Franziska,Brantner,,79429.png,f,1979,,Promotion Politik,,MdB,Dr.,79429,5
733eafe5-51ad-40cb-9bd1-13aa8a830b44,Kai,Whittaker,,78817.png,m,1985,,,,MdB,,78817,2
b3aa34a1-75e1-4d7b-b209-d74a31c23543,Nicolas,Zippelius,,175876.png,m,1987,,Bachelor Politik- und Rechtswissenschaften,Weingarten,Bundestagsabgeordneter,,175876,2
528d9aca-aa16-4ce3-b3ca-0d2bc8d23e0f,Zoe,Mayer,,175679.png,f,1995,,"Masterabschluss im Fach Wirtschaftsingenieurwesen, Doktorin der Ingenieurwissenschaften",Karlsruhe,"Fraktionsvorsitzende, Karlsruher Stadtrat",Dr.,175679,5
b0a1e244-b8f3-4fdb-85f3-d00224415f93,Roderich,Kiesewetter,,79246.png,m,1963,,Oberst a.D./ Dipl. Kaufmann ,Aalen,MdB,,79246,2
8d6e8563-60ab-486e-a81f-1fae30a9fc67,Inge,Gräßle,,28896.png,f,1961,,"Studium der Romanischen Sprachen, Geschichte und Politikwissenschaft",Schwäbisch Gmünd,Journalistin,Dr.,28896,2
595a6329-71ff-4668-ae49-cc0801b4982e,Christian,von Stetten,,78939.png,m,1970,,selbstständiger Kaufmann,,MdB,,78939,2
bd3e45ce-fc8d-41d1-a95b-3c53490345da,Hermann,Färber,,79389.png,m,1963,,Landwirt,,MdB,,79389,2
e73afc5a-6463-422b-acc3-a3cfcf550dd4,Markus,Grübel,,79343.png,m,1959,,Notar,Esslingen a.N.,"MdB, Beauftragter der Bundesregierung für weltweite Religionsfreiheit",,79343,2
e3a31495-abd4-4940-b381-fb8f3dfb010a,Cem,Özdemir,,79102.png,m,1965,,"Erzieher, Studium der Sozialpädagogik",,"Bundesminister für Ernährung und Landwirtschaft sowie Bildung, MdB",,79102,5
455e1ad4-4e7b-4155-8092-e768570c2c52,Stephan,Stracke,,78976.png,m,1974,,Jurist,,MdB,,78976,3
97882100-9b78-4443-8abb-9891ee0090ba,Mechthilde,Wittmann,,133683.png,f,1967,,"Bankkauffrau, Studium BWL, Jura und Maschinenbau",,"MdL, Rechtsanwältin",,133683,3
7a3a643c-bc87-4da2-8acf-2c81485983d9,Alexander,Engelhard,,175826.png,m,1972,,"Müller, Dipl.-Wirtschaftsingenieur",,MdB,,175826,3
12f1db14-f39b-40ab-8dad-31ae537b9ce2,Ulrich,Lange,,79214.png,m,1969,,Rechtsanwalt,,MdB,,79214,3
9caa6ed0-4802-46d7-9785-336d87077e69,Hansjörg,Durz,,79404.png,m,1971,,Dipl. Kaufmann,,MdB,,79404,3
f1450e78-e7ca-4da0-8c25-fc7c0a4eedf6,Alexander,Hoffmann,,79295.png,m,1975,,Rechtsanwalt,,MdB,,79295,3
ecd01f0a-91e4-431e-a552-ba8b118b26af,Andrea,Lindholz,,79192.png,f,1970,,Rechtsanwältin,,MdB,,79192,3
acc15849-6bc2-4efc-865b-7bf2cc9f242c,Ralph,Edelhäußer,,175880.png,m,1973,,,,Bürgermeister,,175880,3
e4222e17-7454-45db-9c16-357d9270267d,Michael,Frieser,,79370.png,m,1964,,Rechtswissenschaften,Nürnberg,MdB,,79370,3
ab135e96-6423-4cda-b635-1dbf7abac19e,Sebastian,Brehm,,145904.png,m,1971,,Dipl. Kaufmann,,"MdB, selbstständiger Steuerberater, Mitgesellschafter und Geschäftsführer",,145904,3
ba012594-58df-4191-bfad-be6872d6731d,Tobias,Winkler,,142259.png,m,1978,,Büroleiter des ehemaligen Präsidenten des Europäischen Parlaments; Dipl. sc. pol. Univ.,,Büroleiter im Europäischen Parlament,,142259,3
988fbe48-9001-430b-98cd-b5cde55cd968,Artur,Auernhammer,,78810.png,m,1963,,Landwirtschaftsmeister,,"MdB, Landwirt",,78810,3
8d08cf10-c139-4802-b876-ce82bca4ef43,Emmi,Zeulner,,78904.png,f,1987,,Examinierte Gesundheits- und Krankenpflegerin,,MdB,,78904,3
2f502733-54f5-4751-8c37-4b28f4ab0b0a,Hans-Peter,Friedrich,,79369.png,m,1957,,Studium der Rechtswissenschaften,,MdB,,79369,3
37a81b46-5b9e-4307-a23e-a2a826497a39,Silke,Launert,,78812.png,f,1976,,Juristin,,MdB,Dr.,78812,3
4f8ee148-3bbd-4722-8b22-5ec9f64552c2,Thomas,Silberhorn,,78831.png,m,1968,,Rechtsanwalt,,MdB,,78831,3
30b38f8c-cb2d-4d5d-94d5-f39302852191,Martina,Englhardt-Kopf,,175872.png,f,1981,,Dipl.-Handelslehrerin,Schwandorf,Studiendirektorin,,175872,3
5b59e23a-669d-400b-8834-5884be8f40e4,Peter,Aumer,,120442.png,m,1976,,Master of Buisness Administration,,MdB,,120442,3
2128396a-f235-4d55-83bc-3d2802e8746e,Susanne,Hierl,,142212.png,f,1973,,Rechtsanwältin,,MdB,,142212,3
23946c55-633f-40c8-99e9-03cdd8f3ad00,Max,Straubinger,,78974.png,m,1954,,Landwirtschaftsmeister,,MdB,,78974,3
d24945b2-eb78-4289-b8ea-a34b7fd2e50c,Florian,Oßner,,79108.png,m,1980,,Diplom-Volkswirt (Uni),,Bundestagsabgeordneter,,79108,3
5f00d00a-b449-4587-994a-35a702a68eff,Alexander,Dobrindt,,79412.png,m,1970,,Diplom-Soziologe,,"MdB, CSU-Landesgruppenchef",,79412,3
17dc4374-a46b-4d79-9a20-8d88db7b57c2,Peter,Ramsauer,,79068.png,m,1954,,Diplomkaufmann,,MdB,,79068,3
d6da90ed-4370-4378-a6fc-3ebfa820943b,Michael,Kießling,,145902.png,m,1973,,Dipl. Bauingenier (FH),,MdB,,145902,3
fd01010f-47b2-4272-b5cb-9bad7a4439a7,Daniela,Ludwig,,79146.png,f,1975,,Diplom-Juristin Univ,,MdB,,79146,3
dcec39ce-5ff0-432b-998c-6bb489e922a8,Reinhard,Brandl,,79427.png,m,1977,,Dipl. Wirtschaftsingenieur,,MdB,,79427,3
111467c8-3393-4e4d-9ff1-073b3a28bc4f,Katrin,Staffler,,145898.png,f,1981,,Biochemikerin M.Sc.,,MdB,,145898,3
066eff4e-53da-42fc-b79d-599daa7d1b18,Erich,Irlstorfer,,79274.png,m,1970,,Bürokaufmann,,Kaufmännischer Angestellter,,79274,3
bd3136bc-5388-4aa3-9449-06bd57721f92,Andreas,Lenz,,79194.png,m,1981,,Diplom-Betriebswirt,,Mitglied des Deutschen Bundestages,Dr.,79194,3
35fcbc5c-3714-4612-a3eb-42825cc75c4a,Stephan,Mayer,,79134.png,m,1973,,Rechtsanwalt,,Mitglied des Deutschen Bundestages,,79134,3
b475e878-5153-46d4-9d70-9e4fa20ee4dd,Thomas,Hitschler,,78864.png,m,1982,,Politikwissenschaftler,,MdB,,78864,1
e16403dc-64f1-46e0-9d24-87dec7c14423,Angelika,Glöckner,,79481.png,f,1962,,Verwaltungsfachwirtin,,MdB,,79481,1
83255a88-5039-45f9-b8a4-791cef673854,Matthias,Mieves,,175471.png,m,1985,,Diplom-Kaufmann,Kaiserslautern,Head of Innovation Program & Investment Management bei der Deutschen Telekom,,175471,1
993d40c2-fce9-4992-8d03-bd51191948a9,Johannes,Steiniger,,78797.png,m,1987,,Gymnasiallehrer,Bad Dürkheim,Bundestagsabgeordneter,,78797,2
12ad346a-6ed7-44a9-ba3d-93785dfac34f,Christian,Schreider,,175412.png,m,1971,,Jurist,Ludwigshafen am Rhein,Justitiar,,175412,1
24dd2fbf-f1f4-46da-95fd-b4348dcfe2a5,Jan,Metzler,,78847.png,m,1981,,"Dipl. Betriebswirt (FH), MA International Management",,MdB,,78847,2
6ed377f6-0a18-49bb-a6e6-9b02c9451756,Daniel,Baldy,,175416.png,m,1994,,"Lehramtsstudium Geschichte, Katholische Religion & Sozialkunde",Münster-Sarmsheim,Lehrer,,175416,1
e991e9a9-b285-4a10-a8b2-869cc399520a,Tanja,Machalet,Breuer,110102.png,f,1974,,Dipl. Volkswirtin,Meudt,Angestellte im öffentlichen Dienst,Dr.,110102,1
cc1c18d7-3e62-47b8-a3c4-f8c4a7c1e6cb,Verena,Hubertz,,175512.png,f,1987,,Studium der Betriebswirtschaftlehre,Konz,Gründerin & Unternehmerin,,175512,1
563dcef0-8270-4d87-b971-e2f02e8a0a40,Patrick,Schnieder,,78836.png,m,1968,,Jurist,,MdB,,78836,2
7ea79edb-4c72-4096-9ec5-75dc169e798d,Joe,Weingarten,,146835.png,m,1962,,"Diplom-Verwaltungswissenschaftler, Ministerialdirigent",Alsenz,Mitglied des Deutschen Bundestages,Dr.,146835,1
1cf5e755-acec-4d98-a2b5-6f26ebe3a1aa,Marlon,Bröhr,Marlon Bröhr,175870.png,m,1974,,Zahnarzt,Kastellaun,Landrat des Rhein-Hunsrück-Kreises,Dr.,175870,2
5d78702b-960a-452a-8c03-8cbc5570b4f6,Josef,Oster,,145890.png,m,1971,,Diplom-Verwaltungswirt (FH),Koblenz,Bundestagsabgeordneter,,145890,2
b3c5551b-ce7e-4b69-a626-e3bf04d46119,Mechthild,Heil,,79317.png,f,1961,,Dipl. Ingenieurin,,MdB,,79317,2
98f93bd0-523c-4775-93b9-5925b5ab1928,Erwin,Rüddel,,79044.png,m,1955,,Dipl.-Betriebswirt,,MdB,,79044,2
072c8f9a-a6b3-420b-9126-959956ca5d3a,Frank,Ullrich,,170287.png,m,1958,,Diplomsportlehrer / Trainer ,Suhl,Dipl. Sportlehrer/ Trainer/ Pensionär,,170287,1
1941f11b-6e6a-4413-8992-ac531a202654,Michael,Kaufmann,,121837.png,m,1964,,Ingenieur,Rudolstadt,"Professor für Mess-, Steuerungs- und Regelungstechnik",Prof. Dr.,121837,9
810e8496-a727-4723-9f5a-1bfa868fff62,Carsten,Schneider,,79014.png,m,1976,,Bankkaufmann,,"MdB, Parlamentsgeschäftsführer im Bundestag",,79014,1
f9cc74c7-dea2-4c17-8209-e031458ca0e2,Marcus,Bühl,,150299.png,m,1977,,Dipl. Informatiker,,"MdB, selbstständig im Bereich Neue Medien",,150299,9
5aa68b3d-6267-4aac-a506-b21f14985d56,Holger,Becker,,175435.png,m,1964,,Promovierter Physiker,Jena,Wissenschaftlicher Leiter,Dr.,175435,1
534652d0-81ce-4f1d-a146-46e680f10230,Klaus,Stöber,,145784.png,m,1961,,Dipl. Ökonom,Wutha-Farrnoda,Selbstständiger Steuerberater,,145784,9
bd3b53dd-c3f5-48da-a733-4d0cff14ad56,Manfred,Grund,,79344.png,m,1955,,Dipl. Elektroingenieur,Heilbad Heiligenstadt,MdB,,79344,2
746d1ccf-1acb-4750-bfcb-b6c92715a231,Michael,Meister,,79135.png,m,1961,,Diplom-Mathematiker,,MdB,Dr.,79135,2
b93eb9fb-590a-4a17-81ce-1803b8cb5ac3,Jens,Zimmermann,,78792.png,m,1981,,Diplom-Kaufmann,,MdB,,78792,1
dbddb52d-4de7-45cb-8585-e44c13b15ef2,Andreas,Larem,,175393.png,m,1964,,Groß- und Außenhandelskaufmann,Messel,Mitglied des Deutschen Bundestages,,175393,1
de2c45b3-276f-46d8-a698-a10d83201556,Björn,Simon,,145888.png,m,1981,,,,MdB,,145888,2
32b3fbdc-b1cd-4a33-9910-810d89029625,Melanie,Wegling,,175472.png,f,1990,,Politikwissenschaftlerin | M.A. Modern East Asian Studies,Ginsheim-Gustavsburg,Internationale Vertriebsmanagerin,,175472,1
010912f0-0d19-4951-a8bc-a4e120194e38,Armand,Zorn,,175403.png,m,1988,,"Politologe, Ökonom und Wirtschaftsjurist",Frankfurt am Main,Projektleiter & Berater für Digitale Transformation,,175403,1
3e34563c-9fcd-4274-a167-95531e11950c,Norbert Maria,Altenkamp,,145885.png,m,1972,,Diplom Volkswirt,,MdB,,145885,2
dd569e0d-04d3-4585-b0fb-a9f96e9bf3cb,Lennard,Oehl,,175441.png,m,1993,,VWL Master,Nidderau,Analyst für Anleihen und Zertifikate,,175441,1
b7894b1e-b680-423f-9f6a-4453ba4b056f,Klaus-Peter,Willsch,,78914.png,m,1961,,Dipl. Volkswirt,,MdB,,78914,2
892206bd-2a93-45b0-8152-ee81bfc03a9a,Natalie,Pawlik,,146824.png,f,1992,,Geschichts- und Kulturwissenschaften B.A.,,Wissenschaftliche Mitarbeiterin (MdEP) und Studentin,,146824,1
2eba8f54-b76c-47ee-b51b-d2c3d89d1313,Markus,Koob,,79237.png,m,1977,,Studium der Politikwissenschaften,,MdB,,79237,2
9e4a84d0-bd9a-46d5-bb9e-b7d8d4d61704,Bettina,Müller,,78840.png,f,1959,,"Krankenschwester, Rechtsanwältin",,MdB,,78840,1
8e7db604-4832-43cd-a45f-341e0b207b4b,Michael,Brand,,78881.png,m,1973,,"Studium der Politikwissenschaft, Geschichte und Rechtswissenschaft",,MdB,,78881,2
f4c8d31e-6cf2-410e-9b8b-8bf6f4a4e088,Felix,Döring,,175425.png,m,1991,,Gymnasiallehrer,Gießen,pädagogischer Vorbereitungsdienst Gesamtschule Hungen,,175425,1
cb57901a-d336-4158-8ac7-2b437f60b46b,Dagmar,Schmidt,,79036.png,f,1973,,Historikerin,,MdB,,79036,1
12cb09ec-48c3-4300-b01f-0373e1c19d41,Sören,Bartol,,78884.png,m,1974,,Diplom-Politologe,,MdB,,78884,1
90ec4cb3-be67-4ed5-ac55-534cc5fe94db,Edgar,Franke,,79376.png,m,1960,,Jurist,,MdB,,79376,1
4d8d3595-cab2-440b-bd42-0c35f7fe162c,Michael,Roth,,79042.png,m,1970,,Diplom-Politologe,,"MdB, Vorsitzender des Auswärtigen Ausschusses",,79042,1
3c5aae78-078c-47d4-b315-4cc7e2e7a1b3,Esther,Dilcher,,146823.png,f,1965,,Juristin,,"MdB, Notarin",,146823,1
28cb0688-5647-42ed-9842-5119fd253701,Yvonne,Magwas,,78793.png,f,1979,,Diplom Soziologin,,MdB,,78793,2
9339d90b-3c17-4ddc-bc36-627713ca1335,Matthias,Moosdorf,,176762.png,m,1965,,Diplom,Leipzig,"Musiker, Publizist",,176762,9
65261007-03a3-473a-acd6-0851f59e4edb,Thomas,Dietz,,31274.png,m,1967,,,,Büroleiter,,31274,9
c886581e-0598-454e-b838-e60220609a38,Mike,Moncsek,Moncsek,165157.png,m,1964,,Kfz-Mechaniker,Oberschöna,Mitarbeiter im EU-Parlament,,165157,9
cfd9a22a-0cc6-443a-a7dd-bf23c01f5b83,Detlef,Müller,,79483.png,m,1964,,Lokomotivführer,,MdB,,79483,1
566d66d5-bb49-4223-bb9d-b8573c69990e,Carolin,Bachmann,,175907.png,f,1988,,ausgebildete Investmendfondsmanagerin Bachelor Business Administration,,Persönliche Referentin und wissenschaftliche Mitarbeiterin im sächsischen Landtag,,175907,9
8fd0de10-9eae-4c54-8783-b5ebd54ecc52,Lars,Rohwer,,30936.png,m,1972,,Bankkaufmann,Dresden,Landtagsabgeordneter,,30936,2
5b72e2e5-04bd-4a2c-a4cc-e6e4a80b9da0,Markus,Reichel,,175869.png,m,1968,,Promovierter Wirtschaftsmathematiker,Dresden,Selbstständiger Unternehmer,Dr.,175869,2
8dd75f05-ea26-4550-8ac5-ded5933b88d3,Steffen,Janich,,175967.png,m,1971,,Polizeibeamter,Dohma,MdB,,175967,9
a3441be6-becb-42f0-b903-5843e6765ab3,Tino,Chrupalla,,145755.png,m,1975,,Maler- und Lackierermeister,,"MdB, selbstständiger Unternehmer",,145755,9
5b8219a4-0962-4638-aa98-09ccbbf67bc9,Karsten,Hilse,,145754.png,m,1964,,Waffenmeister,,MdB,,145754,9
74cd6273-42eb-4084-88f6-8070b09fb8ff,Barbara,Benkstein,,175902.png,f,1982,,Bibliothekarin (Diplom),Klipphausen,Wissenschaftliche Referentin,,175902,9
a25a99d7-5efa-4751-b2c9-c6e8bcfc2744,Edgar,Naujok,,175916.png,m,1960,,DV Kaufmann,Markranstädt,Unternehmer,,175916,9
8ca1f571-9077-448b-9683-f0e38d3f17b2,Sören,Pellmann,,146117.png,m,1977,,"Studium Rechtswissenschaft, Lehramt an Förderschulen",,MdB,,146117,8
d5c77e12-da32-4d43-9ccd-307509b3583d,Jens,Lehmann,Lehmann,118790.png,m,1967,,"Instandhaltungsmechaniker, staatl. geprüfter Erzieher",Leipzig,MdB,,118790,2
aa6aa67d-5034-4b36-bdba-7edae94e447f,René,Bochmann,,168306.png,m,1969,,Bürokaufmann / Baufacharbeiter,Tiefensee,Sachbearbeiter,,168306,9
17061c4b-b316-4e0d-9ac8-49d94d8859e2,Paul,Ziemiak,,145878.png,m,1985,,,,MdB,,145878,2
5b508b7c-1711-4a9d-9d08-fb3683a644a7,Florian,Müller,,175894.png,m,1987,,"Bachelor of Arts Arbeitsmarktmanagement, Master of Arts Personalmanagement",Drolshagen,Referent für Strategie und Regulierung,,175894,2
8c5b0bdc-a4bb-4495-bf41-8754ff37669a,Volkmar,Klein,,78855.png,m,1960,,Diplom-Volkswirt,,Mitglied des Deutschen Bundestages,,78855,2
0d19b065-c425-4ec0-96cd-3d7e88a7d78d,Friedrich,Merz,,118559.png,m,1955,,Rechtsanwalt,Arnsberg,MdB,,118559,2
af941a5b-4886-4a33-a570-3b58d0dba562,Hans-Jürgen,Thies,,145879.png,m,1955,,Studium der Rechtswissenschaften,Lippetal,"MdB, Rechtsanwalt",,145879,2
d8dc427e-6d05-40d7-a78e-fae48258e087,Michael,Thews,,78960.png,m,1964,,Diplom Chemie-Ingenieur,,MdB,,78960,1
8d91cef8-c5fc-4efb-b11d-b8d431e383a9,Oliver,Kaczmarek,,78859.png,m,1970,,1. Staatsexamen für Lehrämter der Sekundarstufen II und I,,MdB,,78859,1
216a4a93-4fa1-4222-ab3d-07784e4574c9,Sabine,Poschmann,,79077.png,f,1968,,Betriebswirtin (VWA),Dortmund,MdB,,79077,1
79b86285-7788-4524-83d3-5c0b2bb147d8,Jens,Peick,,175443.png,m,1981,,Diplom Verwaltungswirt (FH),Dortmund,,,175443,1
95561977-3998-43e1-99fe-f7bf6c081db1,Michelle,Müntefering,,79118.png,f,1980,,Journalistin,,MdB,,79118,1
712b4703-4e02-4638-94b2-bf4a61a23e3c,Axel,Schäfer,,79018.png,m,1952,,Studieninstitut für kommunale Verwaltung (Fachhochschule),,MdB,,79018,1
b08fb2fc-d728-4075-921b-520fa0bab625,Axel,Echeverria,,175404.png,m,1980,,Historiker,Witten,Angestellter bei der Agentur für Arbeit,,175404,1
8c7049db-236a-479f-94f3-922706a8fca4,Timo,Schisanowski,,175505.png,m,1981,,Wirtschaftsjurist,Hagen,Bundestagsabgeordneter,,175505,1
7e4aa003-7645-42f8-ab08-785ec7b4203c,Jürgen,Berghahn,,130418.png,m,1960,,Elektroinstallateur,Blomberg,MdL,,130418,1
c55c9843-94fc-4d56-afd4-843c0844387f,Achim,Post,,79080.png,m,1959,,Diplom-Soziologe,,MdB,,79080,1
bc812c49-13ab-4d77-98ca-8dbf1284b750,Stefan,Schwartze,,78999.png,m,1974,,Industriemechaniker,,MdB,,78999,1
dbf8c845-fd6d-481f-9151-474e18781a5d,Wiebke,Esdar,,146813.png,f,1984,,Promovierte Psychologin,Bielefeld,MdB,,146813,1
ae024c70-8231-47f9-9c89-482b6b69e3ac,Ralph,Brinkhaus,,79434.png,m,1968,,"Diplom-Ökonom, Steuerberater",,MdB,,79434,2
a9610006-336c-4944-9f6d-53b0c6fc0bea,Henning,Rehbaum,,130301.png,m,1973,,Dipl.-Betriebswirt (FH),,MdB,,130301,2
2a7123ce-0eec-4530-ac16-a40924102f11,Maria,Klein-Schmeink,,79240.png,f,1958,,Soziologin,,MdB,,79240,5
9ebf9be2-8f7f-4107-a901-56f7bf6bfcc2,Anja,Karliczek,,79249.png,f,1971,,Diplom-Kauffrau,,"Bundesministerin für Bildung und Forschung, MdB",,79249,2
6a86394a-5024-4e0a-9c3d-aef9176b5135,Marc,Henrichmann,,145874.png,m,1976,,Volljurist,,MdB,,145874,2
e0410521-271c-43d9-b0e7-b1647d8bfd64,Anne,König,04.12.,175831.png,f,1984,,Gesamtschulrektorin,Borken,Didaktische Leiterin ,,175831,2
b1094617-bcf1-432c-8e84-f8ce86e1b20d,Michael,Gerdes,,79359.png,m,1960,,"Bergmann, Elektrohauer",,MdB,,79359,1
e5128c60-bf79-47bd-978a-0e8417a272a1,Jens,Spahn,,78993.png,m,1980,,Bankkaufmann,,"Bundesminister für Gesundheit, MdB",,78993,2
4ece4aab-ed4d-4c22-b9bc-b0e8b9ceb89f,Markus,Töns,,136824.png,m,1964,,Politologe M.A.,,MdB,,136824,1
ca99bfbf-ec64-43b4-a04c-32a1dc0c0def,Brian,Nickholz,,175407.png,m,1989,,Industriekaufmann,Marl,Fraktionsgeschäftsführer,,175407,1
234199b1-ca68-40c1-8d21-68bd1d1b5791,Frank,Schwabe,,78998.png,m,1970,,"Studium der Volkswirtschaftslehre, Landespflege, Geschichte, Politikwissenschaft und Soziologie",,MdB,,78998,1
a2040a3a-a153-451f-adda-f1c5aa966dd6,Matthias,Hauer,,79322.png,m,1977,,Rechtsanwalt,,Bundestagsabgeordneter ,,79322,2
f3910846-1d70-486a-8980-9a8fe4028b49,Dirk,Heidenblut,,79313.png,m,1961,,Geschäftsführer beim Arbeiter-Samariter-Bund,Essen,MdB,,79313,1
9fa3a283-7c43-427f-8ee5-60c97f93e8b1,Sebastian,Fiedler,,175491.png,m,1973,,,,Beamter bei der Polizei,,175491,1
d42ca6fb-9125-46a1-8d1e-2191279a7145,Dirk,Vöpel,,78938.png,m,1971,,selbstständiger Kaufmann,Oberhausen,MdB,,78938,1
1dce03fe-dde2-441a-b1c7-b5fe96f69df9,Mahmut,Özdemir,,78834.png,m,1987,,Rechtsreferendar (beurlaubt),Duisburg,MdB,,78834,1
ebb58b9b-07e4-4712-82fb-33042a8b0605,Bärbel,Bas,,79455.png,f,1968,,Personalmanagement-Ökonomin,,MdB,,79455,1
f496c81e-8b19-4ce1-a264-b4dcb11af4ce,Jan,Dieren,,175438.png,m,1991,,,,Rechtsanwalt,,175438,1
d5603e5e-ca81-4cfa-a842-8b28385e3d22,Stefan,Rouenhoff,,145872.png,m,1978,,"Ausgebildeter Bauzeichner,  Diplom-Volkswirt, Politikwissenschaftler (MA)",Goch / Kreis Kleve,MdB,,145872,2
590fa2b4-1e27-4f08-acb0-a2268b45a55a,Martin,Plum,,175871.png,m,1982,,Jurist,Viersen,Bundestagsabgeordneter/Richter a.D.,Dr.,175871,2
a378d40b-ec2b-4449-b9fe-00682c301b4c,Ansgar,Heveling,,79307.png,m,1972,,Studium der Rechts- und Verwaltungswissenschaften,,MdB,,79307,2
ffdecc01-1f6f-442b-9abf-44e9964f2c36,Günter,Krings,,79227.png,m,1969,,Studium der Rechtswissenschaften,Moenchengladbach,MdB,Dr.,79227,2
b6116fe6-0869-460d-81b5-b9355a685213,Hermann,Gröhe,,78870.png,m,1961,,Studium der Rechtswissenschaften,,MdB,,78870,2
aaed84aa-d9ae-4948-a48c-1f8beedf126e,Andreas,Rimkus,,79064.png,m,1962,,Elektromeister in der Energiewirtschaft,Düsseldorf,Mitglied des Deutschen Bundestages,,79064,1
cc07003c-7b98-4d01-8a30-c909bfbdc8ca,Thomas,Jarzombek,,79277.png,m,1973,,IT-Berater,,MdB,,79277,2
3dd5a027-7099-483b-a536-18d3eff491d6,Peter,Beyer,,79446.png,m,1970,,Studium der Rechtswissenschaften,,MdB,,79446,2
d8fdd973-0045-4275-874f-69381b2b1737,Klaus,Wiener,,175862.png,m,1962,,"Ausbildung zum Energieanlagenelektroniker, Studium und Promotion im Fach Volkswirtschaftslehre",Haan,Volkswirt,Dr.,175862,2
8b427328-66aa-40f0-a6bd-5313ba0f4934,Ingo,Schäfer,,147327.png,m,1965,,"gerlernter Betriebsschlosser, Feuerwehrmann",,Feuerwehrmann,,147327,1
95c752a8-3147-46a3-a5db-0334e7ac5b97,Helge,Lindh,,146804.png,m,1976,,Magister Artium (M.A.),,MdB,,146804,1
5d3a1b38-44a0-4d92-8501-bf90c21151bf,Karl,Lauterbach,,79215.png,m,1963,,Universitätsprofessor,,"Bundesminister für Gesundheit, MdB",Prof. Dr.,79215,1
35c33df0-1070-4282-9994-941459b359d4,Hermann-Josef,Tebroke,,145871.png,m,1964,,Studium der Betriebswirtschaftslehre,,MdB,Dr.,145871,2
92a80832-d371-433e-9c16-9dec41d15654,Carsten,Brodesser,,145870.png,m,1967,,Diplom-Volkswirt,,MdB,,145870,2
fca6aaf5-12d4-4a38-97e1-29462cf53818,Norbert,Röttgen,,79043.png,m,1965,,Studium der Rechtswissenschaften,,MdB,Dr.,79043,2
878db677-36b1-495e-b5a7-17c2900af768,Elisabeth,Winkelmeier-Becker,,78916.png,f,1962,,"Studium der Rechtswissenschaften, Richterin am Amtsgericht a.D.",,MdB,,78916,2
fcf45bec-fe8c-4b42-99a3-d4e80070bfd5,Katrin,Uhlig,,175599.png,f,1982,,,,,,175599,5
e2a7d46d-79d7-4b9c-b9e7-13b4f9ae33b0,Rolf,Mützenich,,78838.png,m,1959,,Poltikwissenschaftler,,"MdB, Vorsitzender der SPD-Fraktion im Bundestag",Dr.,78838,1
6fac1a67-cbaa-4fad-939b-499ee3461b38,Sven,Lehmann,,145948.png,m,1979,,Politikwissenschaftler (M.A.) ,,MdB,,145948,5
c9842b6e-04bf-4571-9e89-26d87546c7f3,Sanae,Abdi,,175489.png,f,1986,,,Köln,Projektmanagerin,,175489,1
8f5f25b3-a735-4ccd-920b-ccaf6ae57643,Detlef,Seif,,78825.png,m,1962,,Studium der Rechtswissenschaften,,"MdB, Rechtsanwalt",,78825,2
3654513c-22ec-464b-bd3a-0de434321f33,Georg,Kippels,,79242.png,m,1959,,Rechtsanwalt,,MdB,,79242,2
d4ea00cf-2ac6-4761-af79-96c6e1318276,Thomas,Rachel,,79071.png,m,1962,,"Studium der Politologie, der Geschichte und des Staatsrechts",,MdB,,79071,2
50bb8d80-82b9-4f04-8951-60b6b3f5e4a7,Wilfried,Oellers,,79106.png,m,1975,,Rechtsanwalt,Heinsberg,MdB,,79106,2
eaf45e1f-229b-4dd2-b38c-f07b382d0e94,Claudia,Moll,,146801.png,f,1968,,"staatlich anerkannte examinierte Altenpflegerin, Fachkraft für Gerontopsychiatrie",,MdB,,146801,1
81d6c9cc-2008-40c2-8e25-2abba8a6fc52,Gesine,Lötzsch,,78850.png,f,1961,,Philologin,,MdB,Dr.,78850,8
33e5492e-c8b8-4f10-8c1d-7ec8943fe9b9,Mario,Czaja,,117510.png,m,1975,,Diplom-Betriebswirt (FH),Berlin,MdB,,117510,2
d3dc3a55-aa4b-4587-bd37-61ddc5156709,Gregor,Gysi,,79334.png,m,1948,,Rechtsanwalt,,MdB,,79334,8
1117d050-f189-4df0-8102-30b59f92708c,Canan,Bayram,,117431.png,f,1966,,Juristin,,"MdB, selbstständige Rechtsanwältin",,117431,5
047aee27-4800-4ebc-b2c9-b95aa38a746b,Hakan,Demir,,175431.png,m,1984,,Politikwissenschaftler,Berlin Neukölln,MdB,,175431,1
9690e314-34c3-4ec8-8876-d5f71fedaddd,Kevin,Kühnert,,175456.png,m,1989,,,Berlin,MdB,,175456,1
837b78fd-1e10-482b-919f-d938b5b6a050,Michael,Müller,,117519.png,m,1964,,kaufmännische Lehre,,MdB,,117519,1
84ccbd8b-2ec1-4302-996b-60e2dc44db92,Thomas,Heilmann,,123288.png,m,1964,,Studium der Rechtswissenschaften,Berlin Steglitz-Zehlendorf,"MdB, Mitglied im Fraktionsvorstand von CDU/CSU",,123288,2
a9313766-afa6-43af-9c20-4e54b0ecb863,Helmut,Kleebank,,175433.png,m,1964,,"Lehramt (Mathematik, Physik), Krankenpfleger",,Bezirksbürgermeister Berlin-Spandau,,175433,1
8eab1d6b-139b-4ca2-b3bf-e62b75c91943,Monika,Grütters,,79346.png,f,1962,,"Studium der Germanistik, Kunstgeschichte und Politikwissenschaft",,"MdB, Staatsministerin für Kultur und Medien",,79346,2
374c159c-8c41-49ca-ac07-89287acae91b,Stefan,Gelbhaar,,117547.png,m,1976,,Jurist,,MdB,,117547,5
b6b01356-6262-4fac-ba82-9a7acee2e22d,Hanna,Steinmüller,,164996.png,f,1993,,Sozialwissenschaftlerin,Berlin,Mitarbeiterin im Berliner Abgeordnetenhaus,,164996,5
0c7336ed-fd51-4b32-96d7-a794a5c23245,Robert,Farle,,152771.png,m,1950,Robert Farle ist am 03.11.2023 aus der AfD ausgetreten. ,Jurist,,MdL,,152771,185
d8580c37-cb1c-41fa-ac4a-c6791868cccb,Dieter,Stier,,78979.png,m,1964,,Dipl. Ing. agr.,,MdB,,78979,2
56c9ca31-da0e-4c66-9474-46008834ba8c,Karamba,Diaby,,79409.png,m,1961,,Diplom-Chemiker,Halle (Saale),MdB,Dr.,79409,1
1ae6a7b0-5509-4d21-a9f6-2cb4dda6a1fb,Kay-Uwe,Ziegler,,145732.png,m,1963,,Veterinäringenieur ,06749 Bitterfeld-Wolfen OT Bitterfeld,Unternehmer Geschäftsführer Textilhandel,,145732,9
4594870f-a167-4596-b20a-335ee23274ad,Sepp,Müller,,145867.png,m,1989,,diplomierter Bankbetriebswirt,,MdB,,145867,2
cc0c2a11-6d22-4d61-9fa2-558b5e15cca2,Martin,Kröber,,175467.png,m,1992,,,Magdeburg,Geschäftsstellenleiter EVG,,175467,1
d405525b-fd98-4683-b7b3-1b684515eaba,Heike,Brehmer,,79433.png,f,1962,,Dipl. Betriebswirtin,,MdB,,79433,2
5747fe38-04bd-4423-ada3-4106fcc7a3b4,Franziska,Kersten,,146793.png,f,1968,,Tierärztin,,MdB,Dr.,146793,1
d3de0993-d2f0-434b-a1c3-64119610bbff,Herbert,Wollmann,,175434.png,m,1951,,"Arzt, Facharzt Innere, Kardiologie, Radiologie",Stendal,"Arzt, leitender Arzt eines MVZ",Dr.,175434,1
5b2532c5-377c-4dfb-81ce-825234a6ba5d,Hannes,Walter,,146792.png,m,1984,,Betriebswirt,,Angestellter,,146792,1
1b10cd2a-8808-4ef0-9677-32f2937db059,Maja,Wallstein,,175464.png,f,1986,,Verwaltungswissenschaftlerin,,Wissenschaftsmanagerin,,175464,1
5319800d-1e2c-4589-a771-83ce9a82f135,Mathias,Papendieck,,175469.png,m,1982,,,Schöneiche,IT-Verantwortlicher,,175469,1
bc28c4da-2b2a-4cb3-a119-b02fc62138ec,Sylvia,Lehmann,,133049.png,f,1954,,Ingenieurökonomin,,MdB,,133049,1
047e355c-382a-45b6-b553-e35cd1ece431,Olaf,Scholz,,66924.png,m,1958,,Rechtsanwalt,Potsdam,"Bundeskanzler der Bundesrepublik Deutschland, MdB",,66924,1
d34844f9-a971-4e53-900e-ea506d214f81,Sonja,Eichwede,,175496.png,f,1987,,Volljuristin,Brandenburg an der Havel,Richterin,,175496,1
6eb6a176-522d-4999-8e38-a7d4c6b79a87,Simona,Koß,,31119.png,f,1961,,Sonderpädagogin,,Mitglied des Bundestages,,31119,1
93344f18-0f84-40dd-81a8-0070c14fcacf,Ariane,Fäscher,Ariane Fäscher,176737.png,f,1968,,"Studium der Publizistik, Politik und Betriebswirtschaft",Hohen Neuendorf,"Fachbereichsleiterin Marketing in der Stadt Hohen Neuendorf, Pressesprecherin, systemischer Coach für Unternehmens- und Persönlichkeitsentwicklung, Trainerin""",,176737,1
804573d3-c65a-49a7-9984-25b1b4cbf48d,Stefan,Zierke,,78902.png,m,1970,,"Werkzeugmacher, Touristikfachwirt",Prenzlau,Mitglied des Deutschen Bundestages,,78902,1
7a44fa67-d361-4f15-a299-e8e869eecafd,Wiebke,Papenbrock,,175514.png,f,-1,,,,,,175514,1
ebc088c4-20ff-4f7a-93d1-7cf84a635c28,Uwe,Schmidt,,140944.png,m,1966,,Hafenfacharbeiter,,MdB,,140944,1
8e7ee76c-1d2e-4da3-8f16-08b72a0f43c5,Sarah,Ryglewski,,29176.png,f,1983,,Diplompolitologin,Bremen,MdB,,29176,1
9eb194da-3b60-491c-9b28-3aeaa56cc58b,Frauke,Heiligenstadt,,136025.png,f,1966,,Dipl. Verwaltungswirtin,,"MdL, Kultusministerin a.D.",,136025,1
c16e24fc-8d39-4e6a-a556-2123da63a385,Christos,Pantazis,,136381.png,m,1975,,"Arzt, Promotion in der Neurobionik",Braunschweig,"MdB, Arzt (Neurochirurgie) ",Dr.,136381,1
72ac5b27-dc55-4a35-9bf9-22d8efa88769,Dunja,Kreiser,,149682.png,f,1971,,Abwassermeisterin,,Abwassermeisterin,,149682,1
58c04c87-6040-4a54-a507-63dc0cf5d721,Bernd,Westphal,,78926.png,m,1960,,"Gewerkschaftssekretär, Chemielaborant",,MdB,,78926,1
7c3ac34c-92d7-40c5-9cf6-ef09864244d1,Matthias,Miersch,,79133.png,m,1968,,Jurist,,MdB,Dr.,79133,1
6b418e3e-d9a6-4d98-939e-59d36be15330,Johannes,Schraps,,29441.png,m,1983,,Politikwissenschaftler (M.A.),Hameln,MdB,,29441,1
3b49bab6-95e7-4434-979c-629e3e2d3fdb,Hubertus,Heil,,79316.png,m,1972,,Politikwissenschaftler,,"Bundesminister für Arbeit und Soziales, MdB",,79316,1
bb0b7809-287f-4aba-b7d7-c75ab0858513,Henning,Otte,,79100.png,m,1968,,"Bankkaufmann, Studium der Rechtswissenschaften",29303 Bergen-Eversen,MdB,,79100,2
16636a8f-f602-4539-ba58-7ecdf8281298,Rebecca,Schamber,Demke,175485.png,f,1975,,Diplomjuristin,Neustadt am Rübenberge,,,175485,1
bc399d5f-c876-4705-8e53-e7b3c1a2197a,Adis,Ahmetovic,,175389.png,m,1993,,Master of Education,Hannover,Referent in der Niedersächsischen Staatskanzlei,,175389,1
3d9ab56b-c648-4e57-b5b4-321c001ea5d6,Marja-Liisa,Völlers,,146784.png,f,1984,,Studienrätin,,Gesamtschullehrerin,,146784,1
0aa552ac-33c4-46cb-987b-da6db5b9fca5,Manuel,Gava,,175465.png,m,1991,,,Osnabrück,Vertriebs- und Verkaufsleiter Backring Nord,,175465,1
b6a490c6-eb3f-4446-b887-926d5a883129,Jakob,Blankenburg,,175437.png,m,1997,,Studium der Politikwissenschaft,Lüneburg,Pressereferent,,175437,1
69af5bf4-3fe7-4af2-bf22-770bed288ef1,Svenja,Stadler,,78996.png,f,1976,,PR-Senior-Beraterin,,MdB,,78996,1
5518898a-79a3-4100-b124-4ab67675954b,Lars,Klingbeil,,79241.png,m,1978,,"Studium der Politischen Wissenschaft, der Soziologie und der Geschichte (M.A.)",,"MdB, Generalsekretär",,79241,1
23aff949-00f1-4f40-a55a-4b85a1b8148b,Andreas,Mattfeldt,,79141.png,m,1969,,Industriekaufmann,,MdB,,79141,2
ad4b7c5b-5f82-4ed7-b1d4-a2bb5288a03b,Axel,Knoerig,,79239.png,m,1967,,Magister in Politikwissenschaft mit Schwerpunkt Kommunal- und Verwaltungswissenschaften,Kirchdorf,MdB,,79239,2
251c307f-009f-4ae1-9ba7-14dedd1da34c,Silvia,Breher,,145863.png,f,1973,,Juristin,,"MdB, Geschäftsführerin und Rechtsanwältin",,145863,2
738f5c11-5a63-42d0-bf44-d8ececf7c20c,Albert,Stegemann,Stegemann,78981.png,m,1976,,Landwirtschaftsmeister,Ringe,MdB,,78981,2
f8a63ae3-555b-4ce5-97c4-f205a7dc01a8,Oliver,Grundmann,,79345.png,m,1971,,"Rechtsanwalt, Chemielaborant",Stade,MdB,,79345,2
6f23f442-4643-478a-aea6-dde7b7f54acb,Daniel,Schneider,,175415.png,m,1976,,Studium der Kommunikations- und Marketingwirtschaft,Otterndorf,Gründer und Geschäftsführer beim Deichbrand Festival,,175415,1
d063adea-8aa0-42f7-b579-563089e8b862,Susanne,Mittag,,79127.png,f,1958,,Polizeibeamtin,,MdB,,79127,1
3bb4b8d5-7051-4515-960f-e40d867f5c52,Dennis,Rohde,,79066.png,m,1986,,Jurist,,MdB,,79066,1
f1788f30-4807-4568-80d4-9d096d423402,Siemtje,Möller,,146780.png,f,1983,,Lehrerin,,MdB,,146780,1
a8473bcd-11cb-420b-bd42-2304ff942895,Gitta,Connemann,,79418.png,f,1964,,"Rechtsanwältin, Verkäuferin",,MdB,,79418,2
ea37061b-b47b-4200-85fa-5cc8de941cf7,Johann,Saathoff,,79032.png,m,1967,,Diplom-Verwaltungswirt (FH),Pewsum,MdB,,79032,1
ca769d1e-619a-4e85-9fae-b6c92f6455a8,Linda,Heitmann,,66491.png,f,1982,,Dipl. Politologin,,Geschäftsführerin in der Suchtkrankenhilfe,,66491,5
575fe5c4-7abe-4676-b6ca-7dacddee6681,Falko,Droßmann,,175424.png,m,1973,,"Ausbildung bei der Polizei, Studium der Geschichte",,"beurlaubter Oberstleutnant der Luftwaffe, Bezirksamtleiter Hamburg-Mitte",,175424,1
a5b0bc8d-d0d0-48b4-b290-0cfbefd16805,Johannes,Arlt,,175447.png,m,1984,,Studium der Staatswissenschaften (Dipl.-Staatsw. (univ.);  Master in War Studies (M.Sc.),,Berufsoffizier in der Luftwaffe,,175447,1
3b1d1d80-0f34-48b5-b1ff-246ca60e0aaa,Katrin,Zschau,,175453.png,f,1976,,Politikwissenschaftlerin,Rostock,Geschäftsführerin der Gewerkschaft Erziehung und Wissenschaft Mecklenburg-Vorpommern,,175453,1
5dd5a683-0b3b-4467-be10-5982337fd66e,Reem,Alabali-Radovan,Alabali,175486.png,f,1990,,Studium der Politikwissenschaften,Schwerin,"Beauftragte der Bundesregierung für Migration, Flüchtlinge und Integration, Antirassismusbeauftrage des Bundes, MdB",,175486,1
cf96bdd1-9fe0-408e-901d-8ba4a798562b,Jessica,Tatti,,108661.png,f,1981,Ist am 23.10.2023 aus der Partei DIE LINKE ausgetreten. Seit dem 08.01.2024 Mitglied der Partei Bündnis Sahra Wagenknecht – Vernunft und Gerechtigkeit (BSW).,Sozialarbeiterin B.A.,,MdB,,108661,229
28b1f6d9-0425-4688-8dcd-f185148a4d6f,Gökay,Akbulut,,108563.png,f,1982,,Sozialwissenschaftlerin,,MdB,,108563,8
97e713d4-c5e4-42e6-a362-f753b076f494,Bernd,Riexinger,Riexinger,108427.png,m,1955,,"Bankkaufmann, Gewerkschaftssekretär",Stuttgart,"MdB, Parteivorsitzender der Partei Die Linke ",,108427,8
84520df2-84ac-45b8-9055-7fd4735eac8e,Jürgen,Braun,,145839.png,m,1961,,Jurist,,"MdB, selbstständiger Kommunikationsberater",,145839,9
1cfecca6-9ff5-41d9-89c7-8946a2b5eb09,Thomas,Seitz,,108924.png,m,1967,Thomas Seitz ist am 31. März 2024 aus der AfD ausgetreten. ,Volljurist (Rechtsassessor),,MdB,,108924,185
06af4b8e-d7fc-4101-9b5b-a3ee4348abc1,Christina,Baum,,29476.png,f,1956,,Fachzahnärztin für Allgemeine Stomatologie,,"MdL, Zahnärztin",Dr.,29476,9
09a50622-30b3-4fa7-91a1-314a75e457a4,Malte,Kaufmann,,145844.png,m,1976,,Dipl.-Volkswirt,Mühlhausen,Unternehmer,Dr.,145844,9
e54dbbaa-be05-4832-80a8-1967fdeb0a7e,Marc,Bernhard,,108754.png,m,1972,,"Rechtsanwalt, MBA",,MdB,,108754,9
d2b3e585-0217-40e7-a28c-81bba093fa1c,Dirk,Spaniel,,145835.png,m,1971,Bis Oktober 2024 Mitglied der AfD,Dr.-Ing. (Maschinenbau),,MdB,,145835,185
44b462cc-75bd-4acd-92f6-6abdf7e896d8,Martin,Hess,,145840.png,m,1971,,Diplom-Verwaltungswirt-Polizei (FH),,MdB,,145840,9
4440c519-69f4-4c9f-a286-822f8b277fde,Alice,Weidel,,108379.png,f,1979,,Volkswirtin,,"MdB, Fraktionsvorsitzende AfD im Bundestag",,108379,9
004013a5-7812-4ec4-bf0e-fc8c246b1fb6,Rainer,Semet,,175793.png,m,1957,,Wirtschaftsingenieur,,Berufsschullehrer,,175793,4
f794f43d-2b1c-42f9-b2f3-07d24d69f27c,Konrad,Stockmeier,,175759.png,m,1977,,Diplom-Volkswirt,Mannheim,Marktforscher,,175759,4
04221454-efba-461c-a62b-cf5599372aa2,Valentin,Abel,,146416.png,m,1991,,M. Sc. Betriebswirtschaftslehre,Westernhausen,Vertriebsanalyst,,146416,4
aab64696-b521-4980-9d87-30f9bf2ee120,Stephan,Seiter,,165654.png,m,1963,,Dipl. Ökonom,,Professor für Volkswirtschaftslehre und Quantitative Methoden,Prof. Dr.,165654,4
85391074-19dc-4064-9b3a-f2a646db6e8f,Christoph,Hoffmann,,146425.png,m,1957,,Dr. Forest Dipl. Forstwirt,,MdB,Dr.,146425,4
9b7a1fa5-3bc5-44d2-84f4-db72c6457874,Jens,Brandenburg,,108620.png,m,1986,,"Politikwissenschaft (Dr.), Studium der Volkswirtschaftslehre",Walldorf,MdB,Dr.,108620,4
d96d0ebd-ff80-4822-9854-e4dc56c6212c,Renata,Alt,,121876.png,f,1965,,Chemie-Ingenieurin,,MdB,,121876,4
4c4b894c-d692-41cd-9f07-cfe2f00e67d6,Benjamin,Strasser,,108832.png,m,1987,,"Assessor, zweites juristisches Staatsexamen",,"Bundestagsabgeordneter, Parl. Staatssekretär, Rechtsanwalt",,108832,4
fc21e730-bcec-4438-8470-5d2d84df9f16,Florian,Toncar,,118359.png,m,1979,,Rechtsanwalt,Böblingen,MdB,,118359,4
3ebab2a1-75ef-484b-a3c4-7dcada12b290,Pascal,Kober,,119147.png,m,1971,,Studium der Evangelischen Theologie,,MdB,,119147,4
8f7f369c-36d6-4b2b-816b-90f51e24801f,Michael,Link,,119079.png,m,1963,,,,MdB,,119079,4
43f16296-15e7-41d8-bd9d-f48acb6adda4,Judith,Skudelny,,120169.png,f,1975,,,,"MdB, Rechtsanwältin",,120169,4
f20fa64d-9338-4b3c-a552-bb393b42979a,Anja,Reinalter,,146043.png,f,1970,,Erziehungswissenschaftlerin,Laupheim ,Professorin für Soziale Arbeit,Dr.,146043,5
28cb6e73-2065-4466-acfc-c010bbef6781,Sebastian,Schäfer,,175649.png,m,1979,,promovierter Wirtschaftswissenschaftler,,Referatsleiter für Bundesrat und Bundesangelegenheiten im Ministerium für Finanzen in Stuttgart,Dr.,175649,5
9fb9d728-a652-4ea8-8ccc-416af35658dd,Melis,Sekmen,,175626.png,f,1993,Bis zum 01.07.2024 Mitglied der Partei Bündnis 90/Die Grünen. Seit dem 09.07.2024 ist Sekmen Mitglied der CDU. ,angehende Volkswirtin,Mannheim,Mitglied des Deutschen Bundestages,,175626,2
5bbd2d84-cc16-4a15-bcd4-b699df6b3987,Stephanie,Aeffner,,175662.png,f,1976,,"Dipl. Sozialarbeiterin, Qualitätsmanagerin im Sozial und Gesundheitswesen ",,Mitglied des Deutschen Bundestags,,175662,5
f924ab34-b400-4453-86c0-39d6ea41ecc3,Marcel,Emmerich,,146042.png,m,1991,,Wissenschaftlicher Referent,Ulm,Bundestagsabgeordneter,,146042,5
83c14a50-f72c-4863-bc0b-9fbdd9f54094,Ricarda,Lang,,164990.png,f,1994,,,,Abgeordnete im Deutschen Bundestag,,164990,5
6c839f0c-2649-4698-8fc3-e6fe7d01d876,Matthias,Gastel,,79364.png,m,1970,,"Dipl.-Sozialpädagoge, -Kaufmann",,MdB,,79364,5
b942b927-b047-4988-8b59-0e4089a990b8,Anna,Christmann,,146027.png,f,1983,anna.christmann.wk@bundestag.de,Promotion,,"MdB, Politikwissenschaftlerin",,146027,5
a6b60848-b038-44af-a4d6-b39f3c52e188,Harald,Ebner,,79405.png,m,1964,,Agrarwissenschaftler,,MdB,,79405,5
99c32619-132a-48a1-9578-aca5b0cc6a83,Beate,Müller-Gemmeke,,79117.png,f,1960,,Dipl. Sozialpädagogin (FH),Pliezhausen,MdB,,79117,5
5f03c9c0-2ea9-4661-baec-30b735e73ac9,Sandra,Detzer,,29534.png,f,1980,,Politik- und Volkswirtschaftlerin,Heidelberg,MdB,Dr.,29534,5
921c5fbb-5e98-4fda-8458-c73d6877f602,Agnieszka,Brugger,,78878.png,f,1985,,"Politikwissenschaft, Philosophie und Öffentliches Recht",,MdB,,78878,5
6f9fe929-c280-4bb9-ade1-448480457ef6,Takis,Mehmet Ali,Mehmet Ali,175500.png,m,1991,,Master of Science in Public Health,Badenweiler,"Leitung für Verwaltung und Soziales, Hochschullehrer, Doktorand",,175500,1
499d4b4f-ce5a-454c-a62e-98e1b0a99af9,Heike,Engelhardt,,108581.png,f,1961,,"Grund. und Hauptschullehrerin, Redakteurin, Coach und Prozessbegleiterin",,Stv. Beauftragte für Chancengleichheit und Referentin für Führungskräfte beim ZfP Südwürttemberg,,108581,1
67db2609-44bd-46a0-bd68-9bd1cc0503b2,Kevin,Leiser,,175457.png,m,1993,,Staatsexamen,Blaufelden,Lehrer,,175457,1
e9c8a708-5960-4174-ac38-28d95b1c0f25,Derya,Türk-Nachbaur,Türk,175419.png,f,1973,,Versicherungsfachfrau ,78073 Bad Dürrheim,Pädagogische Fachkraft,,175419,1
7520b2d2-8240-4dc8-ad30-7496b6800c95,Josip,Juratovic,,79266.png,m,1959,,Kfz-Mechaniker,,MdB,,79266,1
ead78484-8b25-4bf8-9695-bb7ddfc29515,Robin,Mesarosch,,175521.png,m,1991,,,Sigmaringen,Referent von Heiko Maas,,175521,1
a941fefe-0d1f-4964-ad4c-5b6d3268b8c5,Lina,Seitzl,,175519.png,f,1989,,Politik- und Staatswissenschaftlerin,Konstanz,Wissenschaftliche Mitarbeiterin an der Universität St. Gallen,Dr.,175519,1
ec5cfe5b-a895-4f35-995d-0192d4f2d6be,Macit,Karaahmetoğlu,Karaahmetoglu,121602.png,m,1968,,Jurist,Gerlingen,"Rechtsanwalt, Fachanwalt für Urheber- und Medienrecht",,121602,1
c0979771-419d-43b6-989e-5403101ead80,Heike,Baehrens,,79474.png,f,1955,,"Bankkauffrau, Diplom-Religionspädagogin",,MdB,,79474,1
d623687b-d176-4d83-bee9-c70a04e279ab,Parsa,Marvi,,121799.png,m,1982,,Diplom-Betriebswirt (BA),Karlsruhe,Produktmanager Breitband,,121799,1
4c43d58c-aba5-4c56-917e-1596a3b2b3bc,Gabriele,Katzmarek,,79252.png,f,1960,,Gewerkschaftssekretärin,,MdB,,79252,1
a8e4ca0b-8e7e-41ef-b7d8-1843ddef0103,Lars,Castellucci,,79416.png,m,1974,,"Professor für Nachhaltiges Management, Integrations- und Diversity Management",Wiesloch,Mitglied des Bundestages,Prof. Dr.,79416,1
bdfc81ac-eee9-4a15-b5ce-ff66cc85623a,Jasmina,Hostert,,146856.png,f,1982,,Politikwissenschaftlerin,Böblingen,Mitglied des Deutschen Bundestags,,146856,1
7c58c438-16dd-41c2-839a-004c82cd5c87,Martin,Gerster,,79356.png,m,1971,,Politikwissenschaftler,,MdB,,79356,1
adbc679f-bb06-4830-acef-e05db968ff88,Leni,Breymaier,,146860.png,f,1960,,Einzelhandelskauffrau,Eislingen/Fils,MdB,,146860,1
ae10756c-08a8-4e7d-ae26-077a6b6af8a2,Johannes,Fechner,,79390.png,m,1972,,Jurist,,MdB,,79390,1
2827f91b-0549-4c5d-953a-dc2d332666b8,Katja,Mast,,79140.png,f,1971,,Bankkauffrau,,MdB |1. Parlamentarische Geschäftsführerin SPD-Bundestagsfraktion,,79140,1
9c59d8c1-cb49-4dd6-98a1-8a9307ac28d0,Martin,Rosemann,,79053.png,m,1976,,Diplom-Volkswirt,Tübingen,MdB,,79053,1
22830539-bc6e-4789-a2c7-9e6b1429d1aa,Rita,Schwarzelühr-Sutter,,79001.png,f,1962,,Diplom-Betriebswirtin,,MdB,,79001,1
df5d2dc3-f4d6-4390-98fc-56bc43e9bcab,Nils,Schmid,,108960.png,m,1973,,Jurist,,MdB,,108960,1
26a18ed2-b3d2-46e7-9676-e2ea62368d08,Saskia,Esken,,79387.png,f,1961,,staatl. gepr. Informatikerin,,MdB/ SPD-Parteivorsitzende,,79387,1
926e539d-f7fa-4bca-b64a-c2de84fee286,Oliver,Luksic,,120429.png,m,1979,,,,MdB,,120429,4
b281660a-61e1-44c1-b675-253da7b1d684,Thomas,Lutze,,78888.png,m,1969,Thomas Lutze hat am 09.10.2023 die Partei gewechselt und war zuvor Mitglied in der Partei DIE LINKE.,"Maschinenbauer, Bürokaufmann",,MdB,,78888,1
0eba8b5d-490c-4295-be51-cb5f60e973bf,Ates,Gürpinar,,141210.png,m,1984,,Medienwissenschaftler,,Angestellter,,141210,8
f4572d3b-c890-4a54-9058-3e12773dead4,Susanne,Ferschl,,146166.png,f,1973,,"Chemielaborantin, Business Coach, Mediatorin",,MdB,,146166,8
667cb8c0-23df-41f4-9ef0-801314a690cf,Klaus,Ernst,,79385.png,m,1954,"Ist am 23.10.2023 aus der Partei DIE LINKE ausgetreten. Seit dem 08.01.2024, dem Gründungsdatum, Mitglied der Partei Bündnis Sahra Wagenknecht – Vernunft und Gerechtigkeit (BSW).",Diplom-Volkswirt und Diplom-Sozialökonom,,MdB,,79385,229
221553ef-fdc4-44e3-92e0-f5366eb2b04f,Nicole,Gohlke,,79353.png,f,1975,,Kommunikationswissenschaftlerin,München,MdB,,79353,8
1fbbe2a5-1582-4363-99ed-db29d0a1a9bb,Leon,Eckert,,175610.png,m,1995,,"Betriebswirt, Historiker",Eching,Kommunalreferent,,175610,5
8d756702-35f1-4263-a10a-8ac2f3e95ba1,Tina,Winklmann,Kurzwart,146013.png,f,1980,,,Wackersdorf,Verfahrensmechanikerin für Kunststoff und Kautschuktechnik,,146013,5
6edcdd56-0b1b-49a8-b367-466357a0aad4,Johannes,Wagner,,175584.png,m,1991,,Humanmediziner,Coburg,Kinderarzt in Weiterbildung,,175584,5
0e716fcf-3f91-4732-805e-b8dd32016047,Marlene,Schönberger,,158733.png,f,1990,,Politikwissenschaftlerin M.A.,Adlkofen,Politikwissenschaftlerin an der LMU München,,158733,5
430768bf-8bf9-4b22-bbe6-cb16f6a287c8,Niklas,Wagener,,146020.png,m,1998,,Forstwirtschaft,Aschaffenburg,Student,,146020,5
636a6ae1-c5fb-43f1-9ae7-9257b2ceeac5,Tessa,Ganserer,,133673.png,f,1977,,Diplom Ingenieurin Wald- und Forstwirtschaft,,"MdL, Queerpolitische Sprecherin, stv. Vorsitzende des Ausschusses ""Fragen des Öffentlicher Dienstes""",,133673,5
a16b00d6-1218-4aae-8529-13b00f8e1f09,Karl,Bär,,120205.png,m,1985,,Agrarökonom,Holzkirchen,"MdB, Referent für Agrar- und Handelspolitik am Umweltinsitut München (Tätigkeit ruht)",,120205,5
e3968bbd-5d9b-4d38-ace5-ea70e953625f,Saskia,Weishaupt,,178140.png,f,1993,,,München,,,178140,5
8bee055d-dd24-4f40-ab91-c5bfadad1b74,Stefan,Schmidt,,121977.png,m,1981,,"Lehramt Hauptschullehrer, Schwerpunkt Sozialkunde",,MdB,,121977,5
d89f9b9e-03e0-48b4-8d1c-305360b57d98,Lisa,Badum,,120254.png,f,1983,,Politikwissenschaftlerin,,MdB,,120254,5
a3486880-1dff-4f9d-98d5-93115cf6a290,Erhard,Grundl,,118494.png,m,1963,,,,"MdB, Sprecher für Kulturpolitik",,118494,5
3d613483-3f26-407b-89a6-eda4e283f302,Ekin,Deligöz,,79408.png,f,1971,,Diplom Verwaltungswissenschaftlerin,,MdB,,79408,5
1e391777-2949-4f6d-8e56-78705a1cd01a,Anton,Hofreiter,,79294.png,m,1970,,Promovierter Biologe,,"MdB, Vorsitzender des Ausschusses für die Angelegenheiten der Europäischen Union",,79294,5
39604893-d3da-41eb-bdbc-a038c4bbd8e4,Claudia,Roth,,79041.png,f,1955,,Dramaturgin,,MdB,,79041,5
4f83f0d4-22de-4c8f-81c2-2e2d4d19a556,Muhanad,Al-Halak,,175781.png,m,1989,,Abwassermeister,Grafenau,Bundestagsabgeordneter,,175781,4
4bce87ac-d879-4d89-ba5c-f35973c1b142,Thomas,Hacker,,134283.png,m,1967,,"Bankkaufmann, Diplom-Kaufmann, Steuerberaterexamen",Bayreuth,MdB,,134283,4
3360ca8b-7426-4b7d-91a0-a5ac96a1b059,Kristine,Lütke,,175760.png,f,1982,,Dipl. Sozialpädagogin (FH); M.Sc. Gerontologin,,Pflegeunternehmerin,,175760,4
2c70d373-2845-4bb7-bbc0-20a9cc1afdcc,Maximilian,Funke-Kaiser,,146407.png,m,1993,,Studium der informationsorientierten BWL,Augsburg,Betriebswirt,,146407,4
a5f7fede-0bf4-4d67-a568-72f73ce6eece,Andrew,Ullmann,,146406.png,m,1963,,"Facharzt für Innere Medizin, Infektiologie, Hämatologie und internistische Onkologie, Notfallmedizin, Universitätsprofessor ",Würzburg,"MdB, Universitätsprofessor",Prof. Dr.,146406,4
eb670585-b668-4da6-9ebf-d3dc493f2208,Sandra,Bubendorfer-Licht,,142152.png,f,1969,,Dolmetscherin,Ampfing,Mitglied im Landesvorstand bei der FDP Bayern & Mitglied im Deutschen Bundestag der FDP,,142152,4
2a9e5410-3f0c-48ab-91f3-2f35531d1a65,Ulrich,Lechte,,142264.png,m,1977,,Betriebswirt,,MdB,,142264,4
5598c05c-7fec-4fce-9517-0d2b6af8d93b,Nicole,Bauer,,141981.png,f,1987,,"Diplom-Wirtschaftsingenieurin mit Elektronik, System und Technologien (FH",,MdB,,141981,4
52f2f20b-8743-4b78-9b0d-39d99fab27a8,Stephan,Thomae,,119361.png,m,1968,,,,"MdB, Rechtsanwalt",,119361,4
359bbbcf-a08c-4676-aa4c-6a3de3a4e615,Lukas,Köhler,,146388.png,m,1986,,promovierter Philosoph,,MdB,Dr.,146388,4
1156377b-1f56-41f1-89e9-abdd1c4e5d0d,Karsten,Klein,,134049.png,m,1977,,Diplom Kaufmann,Aschaffenburg,MdB,,134049,4
f44ce6d2-8b8a-4ce5-be1a-53fc5ec99539,Katja,Hessel,,134052.png,f,1972,,Volljurist,,"MdB, Parl. Staatssekretärin beim Bundesminister der Finanzen",,134052,4
9db49c92-c656-4dfc-bac2-8ac18d5fb08d,Daniel,Föst,,141323.png,m,1976,,Unternehmer,München,Selbstständiger Unternehmer,,141323,4
800dbc5e-e7d5-4b1e-a665-243768ca9f58,Gerrit,Huy,,175922.png,f,1953,,Dipl.-Mathematikerin,,MdB,,175922,9
3f0a73ae-7d4b-4f3f-8bf7-85107ad69609,Peter,Felser,,145833.png,m,1969,,Diplom Pädagoge (univ.),Sonthofen,"MdB, Unternehmer",,145833,9
9addb330-c8af-4feb-87be-8f8921a40b2e,Gerold,Otten,,145808.png,m,1955,,Oberst d.R. a.D.,,Mitglied des Bundestags,,145808,9
38a3369d-2cf6-4e65-a6ff-c42d49a5d5ad,Rainer,Kraft,,145830.png,m,1974,,Promovierter Diplom-Chemiker,Langweid,MdB,Dr.,145830,9
12b621cd-8bc0-4745-8b36-55da09bea00d,Wolfgang,Wiehle,,145806.png,m,1964,,Diplom-Informatiker,,MdB,,145806,9
a9b2d66a-b228-451b-8b1c-af5e294def00,Johannes,Huber,,145803.png,m,1987,,Diplom-Soziologe,,MdB,,145803,185
d42a52a8-df62-4ead-8caa-2a1bba0cc834,Martin,Sichert,,145823.png,m,1980,,Diplom-Kaufmann,,MdB,,145823,9
3fc5ef1a-e1ee-4573-9969-6acc4c965cd6,Stephan,Protschka,,121997.png,m,1977,,"Versicherungsvertreter mit Erlaubnis nach § 34d Abs. 1 GewO, Finanzanlagenfachmann (IHK), Fachmann für Immobilliardarlehenvermittlung (IHK)",,MdB,,121997,9
94a13d84-6765-45b9-b1de-79742d3c3ddd,Peter,Boehringer,,145817.png,m,1969,,Diplom Informatiker und Kaufmann,,MdB,,145817,9
52e4019b-1174-43ad-a075-60570be3ccf7,Jan,Plobner,,175439.png,m,1992,,Diplom-Verwaltungswirt,Altdorf bei Nürnberg,Standesbeamter,,175439,1
086ccab0-d7fb-4f45-9204-b553a3b11825,Carolin,Wagner,,175410.png,f,1982,,Germanistin,Lappersdorf,Referatsleiterin an einer Technischen Hochschule,Dr.,175410,1
0f57752c-d22b-4826-9d97-ea11cb20190a,Markus,Hümpfer,,146852.png,m,1992,,Ingenieur,,Business Development Manager,,146852,1
0d531b3e-b62e-4031-b752-a3d903b4bce4,Carmen,Wegge,,175409.png,f,1989,,Juristin,,MdB,,175409,1
a944b809-524c-416d-a3d9-bb61f3bf8c70,Jörg,Nürnberger,,146847.png,m,1967,,Jurist,,"Bundestagsabgeordneter, Rechtsanwalt",,146847,1
109acae5-5058-4202-b461-b17296f51d1f,Martina,Stamm-Fibich,,78991.png,f,1965,,Rechtsanwaltsfachangestellte,,MdB,,78991,1
df1830be-14fc-4214-a17a-c2050b257feb,Johannes,Schätzl,,175522.png,m,1993,,Master of Science,Hauzenberg,Informatiker im Bereich der Digitalisierung,,175522,1
1aced160-6692-48c8-b79c-3aeb49092ef7,Ulrike,Bahr,,78883.png,f,1964,,"Lehrerin Englisch / Geschichte, Deutsch, Musik",Augsburg,"MdB, Mitglied im Familien- und im Bildungsausschuss",,78883,1
b427a69d-0ca4-448b-b148-dad7aed05cc0,Andreas,Mehltretter,,146838.png,m,1991,,"Master of Science in Economics, Bachelor of Science in Volkswirtschaftslehre",Freising,Doktorand,,146838,1
6afbbdcd-81d3-43a9-9952-38f24ee02f06,Sabine,Dittmar,,79411.png,f,1964,,Ärztin,,MdB,,79411,1
e52368c9-ef2e-4d4b-acd2-4a52f7d6eb00,Michael,Schrodi,,121738.png,m,1977,,"Gymnasiallehrer für Deutsch, Geschichte und Sozialkunde",,MdB,,121738,1
34bdddb4-3e39-4a3f-9154-fe1d7cad1ee2,Marianne,Schieder,,79026.png,f,1962,,Juristin,,"MdB: Ausschuss für Kultur und Medien, Ausschuss für Wahlprüfung, Immunität und Geschäftsordnung, Parlamentarische Geschäftsführerin, Sprecherin der Landesgruppe Bayern",,79026,1
89ecb70d-7b07-423f-870b-9ec031612b4b,Claudia,Tausend,,78970.png,f,1964,,Diplom in Wirtschafts- und Sozialgeographie,,MdB,,78970,1
a38f4557-205c-4742-86b2-bbe677137ea7,Christoph,Schmid,,141311.png,m,1976,,"Politikwissenschaftler, Bürgermeister a.D.",Alerheim,Mitglied des Deutschen Bundestages,,141311,1
bf9ccc17-4ff7-443c-a58e-8037b9a2c695,Gabriela,Heinrich,,79320.png,f,1963,,Dipl.-Medienberaterin,,MdB,,79320,1
df5eae69-74cc-4323-a679-9ac4f58acf46,Bernd,Rützel,,79051.png,m,1968,,Technischer Oberamtsrat a.D.,,MdB,,79051,1
39812692-0895-4062-b2ef-81d70b2631f5,Rita,Hagl-Kehl,,79331.png,f,1970,,Lehrerin,,Mitglied des Deutschen Bundestages,,79331,1
9272e902-0d80-4922-b464-2fd52877469b,Sebastian,Roloff,,146839.png,m,1983,,Rechtsanwalt,München-Obergiesing,Personalleiter,,146839,1
27853b1d-bc94-4f51-9ffc-c574eb408428,Anette,Kramme,,79223.png,f,1967,,Rechtsanwältin,,"MdB, Parlamentarische Staatssekretärin beim Ministerium für Arbeit und Soziales",,79223,1
5a3ed22c-d6a6-4d24-ba34-a5514f4895c5,Carsten,Träger,,78821.png,m,1973,,"Dipl. Kommunikationswirt (BAW), Politikwissenschaftler (M.A.)",,MdB,,78821,1
0d6e7da7-e4aa-4fa2-9963-e37d1092557e,Bärbel,Kofler,,79234.png,f,1967,,"Sprachwissenschaftlerin, Dipl. Informatikerin (FH), Bankkauffrau",,MdB,Dr.,79234,1
153326c4-ba4b-4fd0-963b-8e8f9a9dd1a9,Alexander,Ulrich,,78816.png,m,1971,Ist am 23.10.2023 aus der Partei DIE LINKE ausgetreten. Seit dem 08.01.2024 Mitglied der Partei Bündnis Sahra Wagenknecht – Vernunft und Gerechtigkeit (BSW).,Gewerkschaftssekretär,,MdB,,78816,229
961c57e7-b684-4e34-af24-f74b315484e7,Misbah,Khan,,146003.png,f,1989,,Politikwissenschaftlerin,,Bildungsreferentin im Landesjugendamt RLP im Bereich religiös begründete Radikalisierung,,146003,5
bef26d72-4a2f-4cec-a884-fd3961887e87,Armin,Grau,,175537.png,m,1959,,Neurologe,Altrip,Arzt,Prof. Dr.,175537,5
0a9bf2f3-0417-466d-b0b2-e0e8c32b0fa5,Corinna,Rüffer,,79046.png,f,1975,,Abitur,,MdB,,79046,5
8d13ce70-9778-464f-b7ca-2ef74172647f,Tobias,Lindner,,79193.png,m,1982,,Technischer Diplom-Volkswirt,,MdB,Dr.,79193,5
91ffc2c2-b027-439f-a726-5817db054ebf,Tabea,Rößner,,79040.png,f,1966,,Musikwissenschaftlerin (M.A.) und Journalistin,,MdB,,79040,5
fe0d6864-fe1b-4cd3-ae92-5d74f8e44481,Manuel,Höferlin,,120284.png,m,1973,,Rechtswissenschaftler,,MdB,,120284,4
974491fb-2d94-46c1-9e3b-71f6c61e84aa,Sandra,Weeser,,110218.png,f,1969,,Kaufmännische Ausbildung und Studium der Betriebswirtschaft,,MdB,,110218,4
35f39d41-8fb5-4ee2-bc24-637a32f421f3,Mario,Brandenburg,,146383.png,m,1983,,Wirtschaftsinformatik (M.Sc.),,MdB,,146383,4
1f867b14-5146-4356-9695-86feff3626df,Carina,Konrad,,146378.png,f,1982,,Diplom Agraringenieurin (FH),,MdB,,146378,4
744afddd-9bc6-41ed-80f0-0914d344ebd4,Volker,Wissing,,110052.png,m,1970,Bis November 2024 Mitglied der FDP,Rechtsanwalt,,"Bundesminister für Digitales und Verkehr sowie Justiz, MdB, Generalsekretär der FDP",Dr.,110052,185
e2f7e5f0-12f7-4b64-bd5f-cbed94556fb8,Bernd,Schattner,,175904.png,m,1968,,Verwaltungsfachangestellter,,Geschäftsführer,,175904,9
050d15aa-03c8-4ec0-be1a-2437101695d2,Andreas,Bleck,,145789.png,m,1988,,Lehramt,,MdB,,145789,9
885ae214-bc1a-4bb9-bb9a-226904d82015,Nicole,Höchst,,145791.png,f,1970,,Lehrerin,,MdB,,145791,9
d48c764d-9a21-42e0-ae3d-98de6a1c2510,Sebastian,Münzenmaier,,145795.png,m,1989,,,,"MdB, Fraktionsgeschäftsführer",,145795,9
2eff8fd8-9854-4b76-8459-7c5c3980e31c,Lena,Werner,,175459.png,f,1994,,Duales Studium Tourismuswirtschaft,Wittlich,Projektmanagerin bei der GIZ,,175459,1
d3b2bab9-fd6e-43b7-ac6e-9e0a8704d449,Martin,Diedenhofen,,146833.png,m,1995,,Student,Linz am Rhein,Student,,146833,1
ce4f89a4-3d01-4598-af37-256b074a0cfb,Isabel,Mackensen-Geis,,146837.png,f,1986,,Magister Politikwissenschaften und Geschichte,,MdB,,146837,1
d53a7d26-d801-40e3-962f-b345f7e08489,Thorsten,Rudolph,,175502.png,m,1974,,"Diplom-Volkswirt; M.A. in Philosophie, Germanistik, Klassischer Philologie; Promotion in Neuerer deutscher Literaturwissenschaft",Koblenz,Leiter der Abteilung Landesvermögen (Finanzministerium RLP),Dr.,175502,1
0b761c98-511a-4b9f-89ae-2007dfab2c38,Thomas,Gebhart,,79366.png,m,1971,,Studium BWL und Politikwissenschaft,,"MdB, Obmann im Ausschuss für Klimaschutz und Energie",Dr.,79366,2
c925cac8-c482-41f3-82b0-7083c0c636ef,Julia,Klöckner,,110066.png,f,1972,,Theologin und Politikwissenschaftlerin (M.A.),,Bundesministerin für Ernährung und Landwirtschaft a.D.,,110066,2
10e7e40f-f664-4a86-ba2b-25e7280e4855,Gerald,Ullrich,,146375.png,m,1962,,Elektronikingenieur,,MdB,,146375,4
a78cf503-b448-41e1-8201-96220ac5dbb5,Tina,Rudolph,,175506.png,f,1991,,Ärztin,,"Wissenschaftliche Mitarbeiterin, Stadträtin",,175506,1
c68508be-dfd7-4185-b116-88f519bebdc4,Elisabeth,Kaiser,,146830.png,f,1987,,"Studium der Staatswissenschaften, Politik und Verwaltungswissenschaften",,MdB,,146830,1
f945b3b9-a4eb-4490-afd3-5d2c1be8cf40,Martina,Renner,,78892.png,f,1967,,wissenschaftliche Referentin,Erfurt,MdB,,78892,8
99715788-2118-4423-91ff-d02240e32bc2,Ralph,Lenkert,,79198.png,m,1967,,Werkzeugmacher/Techniker für Maschinenbau,,MdB,,79198,8
589b0158-5625-40b4-93e3-29b8220dc5e7,Susanne,Hennig-Wellsow,,31605.png,f,1977,,Pädagogik/Erziehungswissenschaft,,MdB,,31605,8
d3509063-3996-40a5-a1d5-39cc577e2167,Antje,Tillmann,,78957.png,f,1964,,Dipl. Finanzwirtin,,MdB,,78957,2
4b40cffd-79e7-4a5e-beec-cff86e3ff7a8,Christian,Hirte,,78865.png,m,1976,,Rechtsanwalt und Fachanwalt für Steuerrecht,,MdB,,78865,2
62240678-0959-47ee-91c3-eb3d88481e33,Awet,Tesfaiesus,,175538.png,f,1974,,Rechtsanwältin,Kassel,Partnerin einer Kanzlei,,175538,5
98a71945-0f9a-430e-b61c-726c8b36abe1,Deborah,Düring,,175555.png,f,1994,,Sozialwissenschaftlerin (B.A. Sozialwissenschaft),Frankfurt a.M.,Studentin Friedens- und Konfliktforschung (Master) & Studentische Hilfskraft bei Survival International,,175555,5
f0411cfc-bee3-4031-a9ce-457cac890ba5,Philip,Krämer,,159644.png,m,1992,,,Darmstadt,Politiker,,159644,5
ff3bc8c1-9f8d-445a-be4a-4735c8c87764,Anna,Lührmann,,118131.png,f,1983,,Politikwissenschaftlerin ,,Juniorprofessorin (Uni Göteborg) ,Dr.,118131,5
46e08caa-83ae-45cc-80c5-b5c9f0cc8fef,Wolfgang,Strengmann-Kuhn,,79479.png,m,1964,,Wirtschaftswissenschaftler,,MdB,,79479,5
58189a0e-83c1-46e7-b4fc-ab3d3f595f8e,Kordula,Schulz-Asche,,79004.png,f,1956,,"Krankenschwester, Kommunikationswissenschaftlerin",,MdB,,79004,5
2c543413-5964-40d9-b003-79685d545c3a,Bettina,Hoffmann,,135209.png,f,1960,,Diplom-Biologin,,Parlamentarische Staatssekretärin,Dr.,135209,5
ce19f5fc-4600-4a2e-8b26-bbad5f3db79e,Peter,Heidt,,135407.png,m,1965,,Jurist,,Rechtsanwalt,,135407,4
1d308c71-217c-4e73-a526-965ea2565f19,Katja,Adler,,175755.png,f,1974,,"Diplom-Verwaltungswirtin (FH), M. A. Soziale Verhaltenswissenschaften, Politikwissenschaften und Rechtswissenschaften",Oberursel,Beamtin,,175755,4
2855e56c-9d94-4152-b1a9-31697d538383,Jürgen,Lenders,,135322.png,m,1966,,,Fulda ,"MdL, Selbstständiger Kaufmann",,135322,4
c62eb30d-f645-42d3-9fd5-67dd705de1b5,Alexander,Müller,,119621.png,m,1969,,Dipl.-Informatiker,Niedernhausen,MdB,,119621,4
e39f1617-1f10-42a0-8fe5-5e89bf551f3d,Till,Mansmann,,122050.png,m,1968,,Diplom Physiker (Universität Frankfurt/Main),,MdB,,122050,4
f23f16b4-0685-410e-826e-86fc08bfa3e7,Thorsten,Lieb,,29256.png,m,1973,,"Volljurist, Wirtschaftsjurist (Univ. Bayreuth)",Frankfurt am Main,Rechtsanwalt,,29256,4
06250dd2-e49e-41c8-abd5-0cda5ef10efe,Bettina,Stark-Watzinger,,119708.png,f,1968,,Dipl.-Volkswirtin,,MdB,,119708,4
3c61b3fc-7d9c-49c1-bd42-bf5e9b670b45,Albrecht,Glaser,,145767.png,m,1942,,Assessor Jur.,,MdB,,145767,9
b79222a1-2277-4b29-96cc-ed67e47f0b92,Jan Ralf,Nolte,,145764.png,m,1988,,Kaufmännischer Assistent für Fremdsprachen und Bürokommunikation,,MdB,,145764,9
9c85ff88-0c23-45cf-a56e-09ad087cdcfc,Uwe,Schulz,,145770.png,m,1961,,Siehe Lebenslauf,,MdB,,145770,9
08bb2752-8897-4d27-b8a0-1eef579544b3,Joana,Cotar,,150292.png,f,1973,,Politologin und Germanistin,,MdB,,150292,185
fcf57b8c-eb9b-442d-9d52-150ff8ba36d9,Mariana,Harder-Kühnel,,145771.png,f,1974,,Juristin,,"MdB, Rechtsanwältin",,145771,9
8fa4a1cf-d59f-49a4-a246-0dcc6cc17f19,Stefan,Heck,,79312.png,m,1982,,Jurist,,Staatssekretär,,79312,2
83251188-1680-430c-8e6b-aba8b0c2b764,Katja,Leikert,,78851.png,f,1975,,Politikwissenschaftlerin,,MdB,Dr.,78851,2
29bc507e-3686-4fe8-8f10-11f026501cb0,Patricia,Lips,,79150.png,f,1963,,Handelsfachwirtin,Rödermark,MdB,,79150,2
2aaf3c60-5683-48e4-b17f-b450a4aa53ec,Helge,Braun,,79432.png,m,1972,,Arzt,,"Bundesminister für besondere Aufgaben und Chef des Bundeskanzleramts, MdB",Prof. Dr.,79432,2
26b52ba3-1f4d-4043-9ded-7c7aa62c5c77,Merle,Spellerberg,,175627.png,f,1996,,,Dresden,Studentin,,175627,5
619a5b74-af86-463d-8958-695420e26381,Bernhard,Herrmann,,175541.png,m,1966,,Dipl.-Ing. für Wasserbau,Chemnitz,Geschäftsführer,,175541,5
70e01571-da5a-41f8-b0bb-6ab7050b1bff,Paula,Piechotta,,31707.png,f,1986,,Ärztin,Leipzig,Ärztin,Dr.,31707,5
00f87eb6-7414-412a-9f0d-4ebe6dd62744,Nico,Tippelt,,30864.png,m,1967,,Dipl.-Musikpädagoge,,MdB,,30864,4
352f6550-83b9-41a4-86de-ac2fca337197,Ulrike,Harzer,,175820.png,f,1968,,,,,,175820,4
df58e814-0212-449f-b4b6-12193fc8eb7c,Philipp,Hartewig,,146359.png,m,1994,,Jurist,,MdB,,146359,4
fd6d920c-e9b2-4388-a41d-e85a68ccb92d,Frank,Müller-Rosentritt,,146360.png,m,1982,,Diplom Betriebswirt,Chemnitz,MdB,,146360,4
e7494034-aa6a-446e-8ac5-f679aa416c1e,Torsten,Herbst,,31751.png,m,1973,,Dipl. Kaufmann (FH),,MdB,,31751,4
2b7e5855-d252-4798-bfbf-f281e37f7211,Fabian,Funke,,175518.png,m,1997,,Bachelor Internationale Beziehungen,Heidenau,Geschäftsführer und Student Master Internationale Beziehungen,,175518,1
f8d103e3-c1ed-461e-9ab7-ef64f015b496,Nadja,Sthamer,,175478.png,f,1990,,Politik- und Religionswissenschaftlerin,Leipzig,Wissenschaftliche Mitarbeiterin,,175478,1
1cbd68fc-aeca-4153-8502-69498db1fc35,Carlos,Kasper,,175408.png,m,1994,,Rechtspflege,,Zollbeamter,,175408,1
8807c8bc-0df6-47e0-bfa0-290ab520508d,Rasha,Nasr,,175484.png,f,1992,,Politikwissenschaftlerin,,Mitglied des Deutschen Bundestages,,175484,1
d54da910-e6fc-49ee-8dbc-7d82e83d8b19,Kathrin,Michel,Bischof,168396.png,f,1963,,"Industriekauffrau, Personalmanagerin",Kamenz,Teamleiterin Supply Chain Management,,168396,1
cb37c340-9a62-47b9-bcd4-a95813008671,Holger,Mann,,30917.png,m,1979,,"Masterabschluss in Politikwissenschaft (HF), Geschichte und Journalistik (NF)",,MdL,,30917,1
93be6cc2-dc81-440e-8ed2-1c3082c7d17f,André,Hahn,,79328.png,m,1963,,Ausbildung zum Schriftsetzer; Lehramtsstudium Deutsch und Geschichte; Forschungsstudium Politikwissenschaft,Gohrisch,MdB,Dr.,79328,8
dfac894a-6f0f-4c9d-b06b-ebead889047f,Caren,Lay,,79205.png,f,1972,,Dipl.-Soziologin,,MdB,,79205,8
e141cfb8-7134-41b6-bafd-62abaed7cc1e,Carsten,Körber,,79238.png,m,1979,,Studium der Politikwissenschaft und Betriebswirtschaft,Mülsen,MdB,,79238,2
f10fbfb3-66c3-49f0-b114-b1a79f3eb7b9,Christiane,Schenderlein,,170325.png,f,1981,,Politikwissenschaftlerin,,"MdB, MdL",Dr.,170325,2
c6ca9f17-8a09-48ba-9a81-08d76d11a31a,Marco,Wanderwitz,,78932.png,m,-1,,,,,,78932,2
d5b3646f-383c-4f0c-8ba3-d1e8f2fc7b7a,Götz,Frömming,,150288.png,m,1968,,Studiendirektor,,"Parlamentarischer Geschäftsführer, AfD im Bundestag",,150288,9
7fddd423-e4d6-4230-a530-8de79da3d6b7,Gottfried,Curio,,141110.png,m,1960,,"Diplom-Mathematiker, Diplom-Physiker",,MdB,,141110,9
5be389ab-65aa-4c08-b110-dc6f9c9e2de2,Beatrix,von Storch,,29202.png,f,1971,,Juristin,Berlin,MdB,,29202,9
44238d19-f1d4-4b5b-afa5-e71b3eedfdac,Andreas,Audretsch,Andreas Audretsch,175526.png,m,1984,,Politikwissenschaftler,Berlin Neukölln,,,175526,5
df8823c3-7eb5-4d9e-8aea-99c951113176,Jan-Marco,Luczak,,79147.png,m,1975,,"Jurist, Rechtsanwalt",,MdB,Dr.,79147,2
3826b234-8aef-40ad-a85a-7814e0c078a7,Steffi,Lemke,,79199.png,f,1968,,Zootechnikerin,Dessau-Roßlau,"Bundesministerin für Umwelt, Naturschutz, nukleare Sicherheit und Verbraucherschutz, MdB",,79199,5
bc450280-0c2c-4348-bd4c-ce07a0966a3e,Ingo,Bodtke,,175737.png,m,1965,,Ing. für Fleischwirtschaft,Wimmelburg,selbst. Kaufmann für Versicherungen & Finanzen,,175737,4
44d04765-b3bf-4469-aefa-fd965dc62bb6,Marcus,Faber,,121638.png,m,1984,,Dr. rer. pol.,,MdB,,121638,4
80299bd2-e231-45cd-9a17-02a8b8fe82db,Katrin,Budde,,124218.png,f,1965,,Dipl.-Ing. für Arbeitsgestaltung,,MdB,,124218,1
0a84746f-08ad-49ed-a8ac-4d6e07ffe486,Petra,Sitte,,78824.png,f,1960,,Dipl. Ökonomin,,MdB,,78824,8
15c9cf24-bdd8-404e-90ae-fb82b7bbef89,Jan,Korte,,78854.png,m,1977,,Politikwissenschaftler MA,,MdB,,78854,8
93bbc8ae-fa7b-4ab7-b53d-cdb534536d5e,Jan Wenzel,Schmidt,,152755.png,m,1991,,Handelsfachwirt,Landkreis Börde,Mitglied des Deutschen Bundestages,,152755,9
613166f0-edbe-4d9a-82c6-9b252d4f0803,Martin,Reichardt,,150298.png,m,1969,,Offizier und Pädagoge,,MdB,,150298,9
144e9258-7b9a-4c5b-9cbd-f70add4e4f84,Tino,Sorge,,78992.png,m,1975,,Jurist,Magdeburg ,"MdB, Gesundheitspolitischer Sprecher",,78992,2
267ea5a8-fc95-4012-abe2-bed59d55c379,Michael,Kellner,,175629.png,m,1977,,Politikwissenschaftler,Berlin,,,175629,5
2af651bf-bcb0-443d-82d6-d3ba634216a4,Annalena,Baerbock,,79475.png,f,1980,,Völkerrechtlerin (LL.M.),Potsdam,"Bundesministerin des Auswärtigen, MdB",,79475,5
560831d3-66ed-467a-bbaf-f7f10e7f731b,Friedhelm,Boginski,,177310.png,m,1955,,Lehrer,Eberswalde,Bürgermeister,,177310,4
5a5d9d3d-0475-4090-9757-5ad43e479371,Linda,Teuteberg,,132971.png,f,1981,,Studium Rechtswissenschaften / VWL,,"MdB, Rechtsanwältin",,132971,4
e76c0a0a-e869-4674-a2e3-969cf4325e57,Christian,Görke,,132869.png,m,1962,,Dipl.-Lehrer,Potsdam,"MdL, Finanzminister des Landes Brandenburg",,132869,8
3bf8a7c3-88d3-4f32-94a5-50cccb4e620a,Norbert,Kleinwächter,,150291.png,m,1986,,Lehrer,,MdB,,150291,9
fe1cf170-899d-4509-97c0-86e0e38bc045,Steffen,Kotré,,31221.png,m,1971,,Diplom-Ingenieur,,MdB,,31221,9
ed3b5a74-e889-454a-a35c-cfbbb5fbf167,René,Springer,,145723.png,m,1979,,Meister Elektrotechnik / Politikwissenschaftler M.A.,Eberswalde,MdB,,145723,9
c1d7c1fb-2b56-4405-8c5f-91ae5b946499,Alexander,Gauland,,31216.png,m,1941,,Jurist,,MdB,Dr.,31216,9
4228ffa1-4bdc-4362-ac8a-99eb0c4bc09a,Knut,Abraham,,29084.png,m,1966,,Jurist,Dubro,Diplomat,,29084,2
d9174bc8-652c-499b-b144-0c37748b6375,Jana,Schimke,,79029.png,f,1979,,Dipl. Politikwissenschaftlerin,,MdB,,79029,2
f0f8423f-0f08-4447-b09a-aeff433dc0bd,Uwe,Feiler,,79391.png,m,1965,,Dipl. Finanzwirt,,MdB,,79391,2
f89f05ba-b0d9-4480-b8b7-b57490ad4f27,Jens,Koeppen,,79233.png,m,1962,,Meister Industrieelektronik; Meister Elektroinstallateurhandwerk,,MdB,,79233,2
a419d39f-8609-45b1-98f4-82ba199b035b,Volker,Redder,Redder,73691.png,m,1959,,"Dipl.-Biologe, Dipl.-Informatiker, Dr.-Ing.",Bremen,Geschäftsf. Gesellschafter,Dr.,73691,4
85061542-8bf1-4768-93dd-60b765c03e64,Kirsten,Kappert-Gonther,,73426.png,f,1966,,Fachärztin für Psychiatrie und Psychotherapie,,MdB,Dr.,73426,5
2ba6a7db-e59d-4d29-b709-5b84e23515fa,Thomas,Röwekamp,,73300.png,m,1966,,Rechtsanwalt und Notar,,"MdBB, Fraktionsvorsitzender CDU in der Bremischen Bürgerschaft ",,73300,2
9989dedd-ce87-4315-8751-ef5970a9fbc8,Heidi,Reichinnek,,149570.png,f,1988,,M.A. Politik und Wirtschaft des Nahen und Mittleren Ostens,Osnabrück,pädagogische Mitarbeiterin in der Jugendhilfe,,149570,8
5729cf2b-bf3a-4592-bc04-c024f95c28dc,Victor,Perli,,136366.png,m,1982,,Politikwissenschaftler (M.A.),,Bundestagsabgeordneter,,136366,8
217e7014-43ee-487d-b366-6562acdf9ccf,Amira,Mohamed Ali,,146055.png,f,1980,Ist am 23.10.2023 aus der Partei DIE LINKE ausgetreten. Seit dem 08.01.2024 ist sie Gründungsmitglied und Vorsitzende der Partei Bündnis Sahra Wagenknecht – Vernunft und Gerechtigkeit (BSW).,Rechtsanwältin,Oldenburg,"MdB, Vorsitzende von Bündnis Sahra Wagenknecht",,146055,229
8d9821d1-f65d-4880-95c3-b986f7d6d828,Susanne,Menge,,149539.png,f,1960,,"Studienrätin; Fächer: Politik/Wirtschaft, Werte und Normen, Sport",Oldenburg,MdB,,149539,5
6db2a830-ca17-4245-bb8e-3ae7dc792ae9,Julian,Pahlke,,175587.png,m,1991,,,,,,175587,5
d41c9e4b-6d40-4039-8724-64b2d4d6df30,Swantje,Michaelsen,,145921.png,f,1979,,Studium der Geschichte und Kunstgeschichte,,Geschäftsstellenleitung ADFC Stadt Hannover,,145921,5
f8de6413-7ea6-461c-b3a4-cc457851b701,Stefan,Wenzel,,136302.png,m,1962,,Agrarökonom (Dipl. Ing.),,"MdL, Minister für Umwelt, Energie und Klimaschutz a.D.",,136302,5
5537ecb5-31dd-4a6b-9d0a-1d1423c1a98b,Karoline,Otte,,175593.png,f,1996,,Duales Studium zur Verwaltungsbetriebswirtin,Moringen,Verwaltungsmitarbeiterin einer kommunalen Verwaltung,,175593,5
406ac461-d3cc-4904-9a61-5975cdf27866,Helge,Limburg,,136080.png,m,1982,,Dipl. Jurist,,MdB,,136080,5
346fa6e1-a978-4aa8-b132-90ee256f9308,Katja,Keul,,79247.png,f,1969,,Juristin,,MdB,,79247,5
16ec763c-5eb7-47d6-ba4b-bb0a759e845b,Frank,Bsirske,,175563.png,m,1952,,Dipl.-Politologe,Isernhagen,MdB,,175563,5
1fdc891d-1df4-4509-9172-8b8aa2c4e803,Julia,Verlinden,,78944.png,f,1979,,Dr. phil. und Diplom-Umweltwissenschaftlerin,,MdB,Dr.,78944,5
8e62f376-9601-4c0d-ac9e-17c2d5554ea0,Christina-Johanne,Schröder,,145913.png,f,1983,,Sozialwissenschaftlerin (B.A.),,Referentin für Wohnen und Bauen,,145913,5
57dd051a-3637-4173-8a1c-322090e3ab10,Sven-Christian,Kindler,,78856.png,m,1985,,Betriebswirtschaftslehre,,MdB,,78856,5
af2c6858-3136-4b13-9988-edd8df430f15,Filiz,Polat,,136013.png,f,1978,,Diplom-Volkswirtin,,MdB,,136013,5
836d2b93-b159-4e8a-87d6-d572ed5e3eac,Dirk,Brandes,,175915.png,m,1974,,"Betriebswirt VWL, Industriekaufmann",Hannover,Fraktionsgeschäftsführer,,175915,9
92a818e0-83ba-4c32-9277-14c4093b0547,Jörn,König,,121468.png,m,1967,,Dipl.-Ing. Elektrotechnik (MBA),,MdB,,121468,9
0f224f18-19bf-4230-b411-4f8412503753,Dietmar,Friedhoff,,145711.png,m,1966,,"Dipl.-Ing, Oberstleutnant d.R.",,MdB,,145711,9
47262c3b-9faa-4a03-829a-6acce07b7642,Thomas,Ehrhorn,,122027.png,m,1959,,Pilot,,MdB,,122027,9
0f556f33-fd00-4e77-bd6f-9947f54d2eee,Frank,Rinck,,175920.png,m,1986,,Landwirt,,,,175920,9
6dda8d3f-a2c8-4e63-8785-7b1dd14cdcce,Joachim,Wundrak,,175931.png,m,1955,,Generalleutnant a. D.,,MdB,,175931,9
d8976747-fa0b-4712-bc37-1c61f7451d42,Anikó,Glogowski-Merten,,175693.png,f,1982,,Kunstwissenschaftlerin,Braunschweig,MdB,,175693,4
e967d550-640a-43ab-a5e6-4ed16c04bb2f,Matthias,Seestern-Pauly,,120356.png,m,1984,,Studium Lehramt,,MdB,,120356,4
95fb0a86-de29-483f-b7c3-e6e9fe7828fe,Gero,Hocker,,135980.png,m,1975,,Diplom Ökonom und Bankkaufmann,,MdB,,135980,4
d0c0f976-24d6-45a4-b472-ec3b5730da38,Knut,Gerschau,,175758.png,m,1961,,Wirtschaftswissenschaftler,,Unternehmer,,175758,4
84a9dce4-ad84-450b-8191-d7449b8d7496,Konstantin,Kuhle,,29297.png,m,1989,,Rechtsanwalt,,MdB,,29297,4
e8ca7a62-27fa-4905-89c0-bcb6fb66f79a,Anja,Schulz,,146300.png,f,1985,,Bankkauffrau,,selbstständige Finanzberaterin,,146300,4
f3d7e34f-3b21-46a5-bf33-c95921e5054d,Jens,Beeck,,136537.png,m,1969,,Jurist,,"MdB, Rechtsanwalt",,136537,4
304f75cd-f6b0-431a-bafb-d868038f530d,Christian,Dürr,,135929.png,m,1977,,Dipl.-Ökonom,,"MdB, Vorsitzender der FDP-Fraktion im Bundestag",,135929,4
51f9d269-299f-4f57-9659-675d27daf86b,Peggy,Schierenbeck,Finnendahl,175480.png,f,1970,,Unternehmerin ,Weyhe,Coach für Führung und Kommunikation,,175480,1
9715a565-b42d-477d-9da7-bcb3b4c510e2,Anke,Hennig,,175397.png,f,1964,,qualifizierte Kindertagespflegeperson,Bramsche,Kindertagespflegeperson,,175397,1
fd2d38e0-cda0-4f17-b35d-73b391bb4f8d,Anja,Troff-Schaffarzyk,,175394.png,f,1969,,Dipl.-Pädagogin,Uplengen,Teamleiterin,,175394,1
4100aaef-c51c-4dc8-a48d-4fbf958afa52,Stephan,Albani,,79476.png,m,1968,,Diplom-Physiker,,MdB,,79476,2
ae5a83e3-0d6f-49e8-a310-594b11c2c09d,Fritz,Güntzler,,79335.png,m,1966,,Studium der BWL und Wirtschaftsprüfer,Göttingen,MdB,,79335,2
bc3d3160-ee78-4453-8fd5-a99ecb9ab6c2,Mareike Lotte,Wulf,,149653.png,f,1979,,Diplom-Sozialwissenschaftlerin,Emmenthal,MdB,,149653,2
736afcfb-3df6-4f06-b058-7b1e59408b7f,Carsten,Müller,,79116.png,m,1970,,"Bankkaufmann, Rechtsanwalt",,MdB,,79116,2
513b7fca-007f-4647-85d0-d922442eed99,Tilman,Kuban,,29490.png,m,1987,,Studium der Rechtswissenschaft,,"Unternehmensjurist, Rechtsanwalt",,29490,2
662d8231-aeac-4548-91ac-7ecb41a4891d,Anne,Janssen,Janssen,175830.png,f,1982,,Bachelor und Master of Arts,Wittmund,Mitglied des Bundestages,,175830,2
b74a4295-a218-47ba-bb5f-7405f7ecb4c5,Enak,Ferlemann,,79393.png,m,1963,,"Bankkaufmann, Studium der Rechtswissenschaft, Politologie und Philosophie",,MdB,,79393,2
819f6f3c-675e-458c-87d7-ccdb8219e264,Mathias,Middelberg,,79132.png,m,1964,,Studium der Rechtswissenschaften,,MdB,,79132,2
9d92ea6f-4515-4fd6-8c8e-55bdff020f0b,Michael,Grosse-Brömer,,119082.png,m,1960,,Studium der Rechtswissenschaften,,"MdB, Erster Parlamentarischer Geschäftsführer",,119082,2
4ac3b5bf-3fd2-4011-b577-77f40165c9fb,Hendrik,Hoppenstedt,,79293.png,m,1972,,Studium der Rechtswissenschaften,,"MdB, Staatsminister für die Bund-Länder-Beziehungen",,79293,2
21436e70-c8c2-4036-9295-3e4ae55d1c73,Christian,Leye,Leye,130124.png,m,1981,"Ist am 23.10.2023 aus der Partei DIE LINKE ausgetreten.  Seit dem 08.01.2024, dem Gründungsdatum, Mitglied der Partei Bündnis Sahra Wagenknecht – Vernunft und Gerechtigkeit (BSW).",Master International Economics,Duisburg,Mitglied des Bundestages,,130124,229
56eccdaf-fca7-4c16-be4f-cfe35d17f93c,Kathrin,Vogler,,78948.png,f,1963,,Studium der Soziologie,,MdB,,78948,8
e0df50b9-f2b0-4ee1-aea5-ea4df70e7d5f,Andrej,Hunko,,79281.png,m,1963,Ist am 23.10.2023 aus der Partei DIE LINKE ausgetreten. Seit dem 08.01.2024 Mitglied der Partei Bündnis Sahra Wagenknecht – Vernunft und Gerechtigkeit (BSW).,Mediengestalter,Aachen,MdB,,79281,229
f251c5d7-24b9-4f4d-8e06-0165194ef1bc,Sevim,Dağdelen,,79420.png,f,1975,Ist am 23.10.2023 aus der Partei DIE LINKE ausgetreten. Seit dem 08.01.2024 Mitglied der Partei Bündnis Sahra Wagenknecht – Vernunft und Gerechtigkeit (BSW).,Journalistin,,MdB,,79420,229
87030c6c-d056-459d-a9ab-3c24a4276c1a,Sahra,Wagenknecht,,78934.png,f,1969,Sahra Wagenknecht ist am 23.10.2023 aus der Partei DIE LINKE ausgetreten. Seit dem 08.01.2024 ist sie Gründungsmitglied und Vorsitzende der Partei Bündnis Sahra Wagenknecht – Vernunft und Gerechtigkeit (BSW).,"Philosophie- und Literaturstudium, Promotion in Wirtschaftswissenschaften",,MdB,,78934,229
e68b2ac5-0bb8-4e1f-bb01-9b3e121026aa,Anja,Liebert,,175527.png,f,1969,,Literaturwissenschaftlerin,Wuppertal,Verwaltungsangestellte,,175527,5
4b85b495-58c6-4e5f-811e-f7c0c695cc16,Lukas,Benner,,130480.png,m,1996,,Jurist ,,Doktorand ,,130480,5
ad6c7ee7-40e1-4c9c-8512-83794d2c67c7,Sabine,Grützmacher,Hering,175642.png,f,1986,,"Sozialarbeiterin (FH), Master International vergleichende Soziologie/ Pädagogik (Medienpädagogik)",Gummersbach,Geschäftsführerin (Bereich Sozialmanagement),,175642,5
74ad0a24-c97f-4a77-82a3-fb756d137d83,Janosch,Dahmen,,119861.png,m,1981,,"Facharzt für Unfallchirurgie, Notfallmedizin",,Mitglied des Bundestages,Dr.,119861,5
7acc1fb3-639c-47dc-baf4-36d2f40ed93f,Laura,Kraft,,175606.png,f,1990,,Literaturwissenschaftlerin ,Siegen,Wissenschaftliche Mitarbeiterin,,175606,5
9f5f88aa-c120-4875-8119-bd3962903924,Markus,Kurth,,78852.png,m,1966,,Diplom-Politologe,,MdB,,78852,5
ad237c21-0885-4f15-85c8-05dd2e6056ac,Anne-Monika,Spallek,Spallek,175532.png,f,1968,,Mathematikerin,Billerbeck,"Unternehmensberaterin, Leiterin eines Pferdebetriebes",Dr.,175532,5
2ba35f7a-cd04-47cf-a722-b35319c60053,Kathrin,Henneberger,,175598.png,f,1987,,,,Projektkoordinatorin Klimagerechtigkeit,,175598,5
e4f797f4-19f0-4ff1-af0b-9288aa2378e9,Schahina,Gambir,,175645.png,f,1991,,,,,,175645,5
5839b9c4-04f6-46e1-b2b7-245450433926,Maik,Außendorf,,121603.png,m,1971,,Diplom Mathematiker,Bergisch Gladbach,IT-Unternehmer,,121603,5
cd6caeb1-aaac-4822-9857-2d6a2c519264,Sara,Nanni,,175643.png,f,1987,,Friedens- und Konfliktforscherin M.A.,Düsseldorf,Wissenschaftliche Mitarbeiterin,,175643,5
eb072142-f3e6-43f8-ab6d-675fe83f8f84,Kai,Gehring,,79358.png,m,1977,,Diplom Sozialwissenschaftler,,MdB,,79358,5
5d3781b3-faa9-41e8-baeb-5237d92eb19d,Max,Lucks,,175624.png,m,1997,,,Bochum-Stahlhausen,angestellter Referent für Öffentlichkeitsarbeit,,175624,5
07f86e6a-40b0-4967-a20d-34eac888d574,Ophelia,Nick,Schily,121794.png,f,1973,,Tierärztin,,"Unternehmerin, Politikerin",Dr.,121794,5
aa06a915-1591-4f94-9e7b-e58381146c4e,Lamya,Kaddor,,175603.png,f,1978,,,,,,175603,5
fd45a78a-9bdb-47f3-b0a2-4cb6d99cda20,Nyke,Slawik,,164992.png,f,1994,,"Anglistik, Kommunikationswissenschaft, B.A.",Leverkusen,Bundestagsabgeordnete,,164992,5
99018f39-1ba7-46b6-8959-628597661984,Robin,Wagener,,145969.png,m,1980,,Jurist,Bad Salzuflen,Richter,,145969,5
9e9b0d39-2d4e-4a12-83ea-40ceac6c69be,Ulle,Schauws,,79021.png,f,1966,,"Film-, Fernseh-, Politikwissenschaften und Geschichte",,MdB,,79021,5
32457be3-1de0-40f8-8ed5-ab7bd0b37ef6,Jan-Niclas,Gesenhues,Gesenhues,147328.png,m,1990,,Volkswirt,Emsdetten,"Fraktionsvorsitzender Kreistag Steinfurt, Mitglied im Landesvorstand der Grünen NRW, Bereichsleiter Internationale Projekte bei einer Handwerksorganisation",Dr.,147328,5
89442fec-8651-4cdb-a5e2-ac3ff58392dd,Felix,Banaszak,,145959.png,m,1989,,"Sozial- und Kulturanthropologie, Politikwissenschaften",Duisburg,Bundestagsabgeordneter Bündnis 90/Die Grünen,,145959,5
fbcf303f-36e5-4b8c-804c-5b0a3e3c9529,Katharina,Dröge,,79403.png,f,1984,,Diplom-Volkswirtin,,MdB,,79403,5
ca3780ea-e05a-4950-a09b-641a1d765615,Irene,Mihalic,,79129.png,f,1976,,Polizeibeamtin,Gelsenkirchen,MdB,Dr.,79129,5
4c5c3e38-5a03-445b-aa5f-c36651e77e78,Britta,Haßelmann,,79325.png,f,1961,,Dipl. Sozialarbeiterin,,MdB,,79325,5
8134d288-eb61-4401-9077-fbf7a4d0eacd,Stefan,Keuter,,147331.png,m,1972,,Bankkaufmann und Diplom-Betriebswirt (FH),Essen,MdB,,147331,9
43d3390c-4c63-4803-a98d-de7e51ea4902,Jochen,Haug,,147226.png,m,1973,,Jurist,,MdB,,147226,9
b079431c-36ed-4a13-a71a-cb5bad1d3118,Eugen,Schmidt,,175918.png,m,1975,,Dipl.-Informatiker,Hürth,Softwareentwickler,,175918,9
7cfc618e-e797-4667-8472-f84a6b27de38,Harald,Weyel,,150294.png,m,1959,,Professor der Betriebswirtschaft,,MdB,,150294,9
ad820446-ecc4-4424-a875-fdadfebc78d8,Roger,Beckamp,,130094.png,m,1975,,Rechtsanwalt für Immobilien- und Baurecht,Windeck,Mitglied des Bundestages,,130094,9
5c6839fb-c5d3-44d8-ab47-63d8cbfc915a,Matthias,Helferich,Helferich,145751.png,m,1988,,Volljurist,Dortmund,Rechtsanwalt,,145751,9
f99c2546-93f0-4792-9cd4-57afe228e119,Sabine,Weiss,,78920.png,f,1958,,Studium der Rechtswissenschaften,,MdB,,78920,2
c65d2595-b9a1-4da1-9c92-67dfddf694c4,Armin,Laschet,,130072.png,m,1961,,Jurist,Aachen,"MdB, Parteivorsitzender CDU",,130072,2
5ba3017c-4a71-49fa-a58b-f729dfc91de3,Ria,Schröder,,146289.png,f,1992,,Juristin,,Juristin,,146289,4
8e0d5638-d453-4c77-b2f9-e007f84b666f,Michael,Kruse,,66705.png,m,1983,,Dipl.-Volkswirt,Hamburg,"MdB, kaufm. Geschäftsführer",,66705,4
